F2,F3,F4,F8,F9,F13,F14,F18,F19,F23,F24,F28,F29,F33,F34,F38,F39,F43,F44,F48,F49,F53,F54,F58,F59,F63,F64,F68,F69,F73,F74,F78,F79,F83,F84,F88,F89,F93,F94,F98,F99,F103,F104,F108,F109,F113,F114,F118,F119,F123,F124,F128,F129
Description,United States Total,,Alabama,,Alaska,,Arizona,,Arkansas,,California,,Colorado,,Connecticut,,Delaware,,District of Columbia,,Florida,,Georgia,,Hawaii,,Idaho,,Illinois,,Indiana,,Iowa,,Kansas,,Kentucky,,Louisiana,,Maine,,Maryland,,Massachusetts,,Michigan,,Minnesota,,Mississippi,
,State & local,State & local,State & local,State & local,State & local,State & local,State & local,State & local,State & local,State & local,State & local,State & local,State & local,State & local,State & local,State & local,State & local,State & local,State & local,State & local,State & local,State & local,State & local,State & local,State & local,State & local,State & local,State & local,State & local,State & local,State & local,State & local,State & local,State & local,State & local,State & local,State & local,State & local,State & local,State & local,State & local,State & local,State & local,State & local,State & local,State & local,State & local,State & local,State & local,State & local,State & local,State & local
,amount1,CV,amount1,CV,amount1,CV,amount1,CV,amount1,CV,amount1,CV,amount1,CV,amount1,CV,amount1,CV,amount1,CV,amount1,CV,amount1,CV,amount1,CV,amount1,CV,amount1,CV,amount1,CV,amount1,CV,amount1,CV,amount1,CV,amount1,CV,amount1,CV,amount1,CV,amount1,CV,amount1,CV,amount1,CV,amount1,CV
,1,2,1,2,1,2,1,2,1,2,1,2,1,2,1,2,1,2,1,2,1,2,1,2,1,2,1,2,1,2,1,2,1,2,1,2,1,2,1,2,1,2,1,2,1,2,1,2,1,2,1,2
Description,C1,C2,C6,C7,C11,C12,C16,C17,C21,C22,C26,C27,C31,C32,C36,C37,C41,C42,C46,C47,C51,C52,C56,C57,C61,C62,C66,C67,C71,C72,C76,C77,C81,C82,C86,C87,C91,C92,C96,C97,C101,C102,C106,C107,C111,C112,C116,C117,C121,C122,C126,C127
            Revenue1,"3,416,065,033",0.05,"43,614,708",0.37,"11,931,622",0.11,"56,825,852",0.14,"26,844,680",0.15,"503,676,113",0.28,"55,340,011",0.35,"43,346,308",0.2,"10,307,049",0.01,"15,059,488",0,"167,483,541",0.22,"78,522,909",0.23,"17,156,084",0,"13,218,586",0.15,"136,175,393",0.16,"58,463,486",0.33,"36,795,579",0.28,"28,125,525",0.37,"39,951,541",0.13,"43,990,865",0.1,"12,512,983",0.28,"64,612,341",0.08,"84,238,815",0.24,"95,113,232",0.24,"66,048,761",0.24,"29,436,598",0.18
General revenue1,"2,920,319,807",0.06,"38,264,379",0.22,"10,810,293",0.11,"47,291,359",0.14,"23,620,786",0.16,"413,985,810",0.32,"46,278,653",0.38,"39,664,307",0.12,"9,156,174",0,"13,141,720",0,"145,071,261",0.19,"66,995,099",0.2,"15,486,679",0,"11,567,538",0.16,"116,740,303",0.17,"52,808,803",0.33,"32,495,226",0.29,"24,772,650",0.42,"34,992,269",0.11,"38,534,517",0.09,"11,598,675",0.3,"59,018,864",0.05,"72,774,225",0.25,"83,604,319",0.26,"56,499,189",0.27,"25,888,468",0.15
Intergovernmental revenue1,"658,011,745",0.05,"10,727,005",0.23,"2,929,265",0.11,"14,180,674",0.07,"7,298,313",0.19,"91,384,564",0.22,"9,038,953",0.27,"7,595,579",0.32,"1,976,633",0,"4,207,653",0,"29,707,431",0.23,"15,047,254",0.25,"3,024,604",0,"2,783,234",0.18,"22,882,007",0.28,"13,244,747",0.11,"6,527,877",0.22,"4,116,074",0.35,"10,895,293",0.1,"10,515,791",0.04,"2,882,066",0.21,"13,231,243",0.02,"15,768,754",0.26,"22,037,803",0.25,"11,680,927",0.26,"8,270,715",0.15
     From Federal Government,"658,011,745",0.05,"10,727,005",0.23,"2,929,265",0.11,"14,180,674",0.07,"7,298,313",0.19,"91,384,564",0.22,"9,038,953",0.27,"7,595,579",0.32,"1,976,633",0,"4,207,653",0,"29,707,431",0.23,"15,047,254",0.25,"3,024,604",0,"2,783,234",0.18,"22,882,007",0.28,"13,244,747",0.11,"6,527,877",0.22,"4,116,074",0.35,"10,895,293",0.1,"10,515,791",0.04,"2,882,066",0.21,"13,231,243",0.02,"15,768,754",0.26,"22,037,803",0.25,"11,680,927",0.26,"8,270,715",0.15
     From State government1,0,0,0,0,0,0,0,0,0,0,0,0,0,0,0,0,0,0,0,0,0,0,0,0,0,0,0,0,0,0,0,0,0,0,0,0,0,0,0,0,0,0,0,0,0,0,0,0,0,0,0,0
     From local governments1,0,0,0,0,0,0,0,0,0,0,0,0,0,0,0,0,0,0,0,0,0,0,0,0,0,0,0,0,0,0,0,0,0,0,0,0,0,0,0,0,0,0,0,0,0,0,0,0,0,0,0,0
General revenue from own sources,"2,262,308,062",0.07,"27,537,374",0.29,"7,881,028",0.15,"33,110,685",0.2,"16,322,473",0.22,"322,601,246",0.4,"37,239,700",0.46,"32,068,728",0.13,"7,179,541",0,"8,934,067",0,"115,363,830",0.23,"51,947,845",0.24,"12,462,075",0,"8,784,304",0.2,"93,858,296",0.21,"39,564,056",0.44,"25,967,349",0.36,"20,656,576",0.49,"24,096,976",0.15,"28,018,726",0.12,"8,716,609",0.39,"45,787,621",0.07,"57,005,471",0.31,"61,566,516",0.34,"44,818,262",0.33,"17,617,753",0.2
    Taxes,"1,563,701,447",0.08,"15,180,094",0.39,"3,102,853",0.15,"23,335,356",0.23,"11,476,352",0.22,"228,842,938",0.42,"24,641,731",0.61,"26,563,536",0.15,"4,502,556",0,"7,115,081",0,"69,369,670",0.28,"35,872,437",0.29,"8,709,528",0,"5,639,621",0.24,"73,479,954",0.21,"25,226,115",0.31,"14,804,910",0.29,"12,831,756",0.61,"16,626,006",0.17,"18,406,200",0.17,"6,730,305",0.48,"35,100,965",0.08,"43,032,918",0.41,"39,652,327",0.21,"32,665,318",0.19,"10,923,633",0.21
          Property,"484,251,231",0.24,"2,579,687",0.96,"1,476,095",0.13,"7,001,759",0.55,"2,050,389",1.04,"56,964,451",1.61,"7,369,435",1.46,"10,219,905",0.38,"808,922",0.01,"2,251,724",0,"24,496,044",0.68,"11,459,170",0.72,"1,531,270",0,"1,556,739",0.82,"26,497,730",0.54,"6,126,469",1.15,"4,849,083",0.84,"4,190,190",1.8,"3,362,206",0.74,"4,042,910",0.15,"2,676,881",1.19,"9,342,590",0.29,"15,343,269",1.14,"13,596,677",0.61,"8,368,150",0.75,"2,852,173",0.78
          Sales and gross receipts,"544,358,734",0.07,"7,334,615",0.7,"602,608",0.69,"10,982,473",0.31,"5,698,393",0.25,"70,059,931",0.34,"8,796,836",1.16,"6,554,350",0,"514,463",0,"1,751,874",0,"36,029,165",0.24,"12,669,773",0.47,"4,538,142",0,"1,987,805",0.09,"23,003,596",0.2,"10,838,860",0.03,"4,845,115",0.25,"5,272,719",0.38,"6,130,789",0.11,"9,807,005",0.3,"2,005,707",0.01,"9,308,472",0.02,"8,642,974",0.04,"13,403,003",0.02,"10,325,495",0.04,"4,986,342",0.08
               General sales,"368,048,849",0.09,"4,523,693",1.12,"235,759",1.33,"8,918,995",0.38,"4,261,540",0.33,"50,556,488",0.42,"6,473,530",1.55,"4,082,787",0,0,0,"1,315,925",0,"23,851,433",0.07,"9,190,536",0.62,"3,216,373",0,"1,466,480",0.11,"13,036,478",0.26,"7,279,604",0,"3,357,874",0.35,"4,080,826",0.49,"3,267,331",0,"7,105,500",0.42,"1,280,315",0,"4,409,919",0,"5,803,934",0,"9,211,783",0,"5,651,781",0.07,"3,422,774",0
               Selective sales,"176,309,885",0.09,"2,810,922",0.34,"366,849",0.73,"2,063,478",0.32,"1,436,853",0.22,"19,503,443",0.59,"2,323,306",0.87,"2,471,563",0,"514,463",0,"435,949",0,"12,177,732",0.69,"3,479,237",0.52,"1,321,769",0,"521,325",0.17,"9,967,118",0.31,"3,559,256",0.09,"1,487,241",0.25,"1,191,893",0.19,"2,863,458",0.24,"2,701,505",0.12,"725,392",0.03,"4,898,553",0.04,"2,839,040",0.11,"4,191,220",0.05,"4,673,714",0.04,"1,563,568",0.25
                    Motor fuel,"43,830,386",0.02,"637,605",0.58,"42,003",0,"753,814",0,"461,789",0,"5,711,160",0,"667,948",0,"481,825",0,"117,401",0,"25,256",0,"3,224,369",0.22,"1,025,819",0,"167,271",0,"258,993",0,"1,461,730",0,"832,006",0,"541,813",0,"439,045",0,"850,276",0,"606,410",0,"243,891",0,"923,483",0,"756,121",0,"1,010,395",0,"884,596",0,"434,894",0
                    Alcoholic beverage,"7,041,803",0.08,"233,369",0.69,"45,035",0.55,"71,270",0,"58,773",0.02,"357,373",0,"41,392",0,"61,612",0,"20,708",0,"6,244",0,"459,019",0,"324,698",1.06,"50,281",0,"8,985",0.45,"350,965",0,"46,064",0,"22,686",0,"132,589",0,"131,951",0,"61,026",0.18,"18,312",0,"30,956",0,"80,815",0,"145,399",0,"90,636",0,"42,094",0
                    Tobacco products,"18,169,536",0.01,"149,475",0.82,"101,232",0.24,"314,239",0,"225,097",0,"832,379",0,"204,003",0.08,"357,944",0,"102,695",0,"31,492",0,"1,192,906",0,"215,055",0,"129,659",0,"48,408",0,"1,024,826",0,"439,264",0,"223,069",0,"96,303",0,"242,232",0,"138,400",0,"136,913",0,"391,451",0,"647,101",0,"959,852",0,"652,046",0,"148,302",0
                    Public utilities,"28,045,761",0.45,"808,431",0.83,"12,962",0.04,"217,567",1.34,"151,734",1.9,"3,745,067",2.12,"170,516",3.16,"283,074",0,"61,172",0,"202,057",0,"4,712,264",1.76,"341,902",3.73,"321,556",0,"39,950",2.2,"2,736,733",0.99,"313,273",0.85,"213,179",1.66,"226,053",0.81,"395,511",0.53,"191,530",1.71,"40,123",0.61,"648,459",0.13,"23,736",0,"100,036",1.19,"118,682",1.34,"63,813",4.67
                    Other selective sales,"79,222,399",0.13,"982,042",0.57,"165,617",1.6,"706,588",0.83,"539,460",0.26,"8,857,464",0.95,"1,239,447",1.58,"1,287,108",0,"212,487",0,"170,900",0,"2,589,174",0.32,"1,571,763",0.78,"653,002",0,"164,989",0.04,"4,392,864",0.35,"1,928,649",0.09,"486,494",0.19,"297,903",0.43,"1,243,488",0.54,"1,704,139",0.03,"286,153",0,"2,904,204",0.06,"1,331,267",0.24,"1,975,538",0.08,"2,927,754",0.03,"874,465",0.3
          Individual income,"368,861,923",0.04,"3,450,713",0.01,0,0,"3,760,883",0,"2,664,153",0,"77,929,551",0,"6,360,629",0,"8,182,071",0,"1,198,140",0,"1,868,468",0,0,0,"9,678,524",0,"1,987,915",0,"1,478,368",0,"15,913,816",0,"6,555,281",0.49,"3,575,849",0,"2,264,875",0,"5,367,153",0.23,"2,983,104",0,"1,533,130",0,"13,215,473",0.03,"14,491,903",0,"9,306,938",0.12,"10,370,047",0,"1,783,438",0
          Corporate income,"57,129,578",0.03,"533,586",0,"227,852",0,"690,960",0,"476,553",0,"9,007,182",0,"669,054",0,"650,014",0,"406,493",0,"448,259",0,"2,237,500",0,"1,000,536",0,"72,249",0,"217,082",0,"4,054,267",0,"903,572",0,"463,238",0,"458,306",0,"910,651",0.26,"253,650",0,"168,966",0,"1,003,588",0,"2,227,381",0,"1,185,568",0,"1,476,629",0,"534,547",0
          Motor vehicle license,"26,342,681",0.08,"234,826",1.06,"52,574",0.02,"210,011",0,"157,628",0,"3,920,858",0.05,"572,553",0.36,"219,903",0,"54,663",0,"37,649",0,"1,381,709",0,"351,212",0,"362,672",0,"150,595",0,"1,727,856",0.1,"299,413",1.03,"614,714",0.14,"252,158",0.51,"216,033",0.36,"79,199",0.13,"106,929",0.02,"485,119",0,"441,078",0,"1,018,071",0,"739,012",0.11,"162,773",0
          Other taxes,"82,757,300",0.17,"1,046,667",1.74,"743,724",0.04,"689,270",1.98,"429,236",0.17,"10,960,965",1.08,"873,224",1.97,"737,293",0.16,"1,519,875",0,"757,107",0,"5,225,252",0.95,"713,222",1.06,"217,280",0,"249,032",1.81,"2,282,689",0.56,"502,520",0.3,"456,911",0.33,"393,508",0.5,"639,174",0.35,"1,240,332",0.38,"238,692",0.24,"1,745,723",0.21,"1,886,313",0.2,"1,142,070",0.5,"1,385,985",0.22,"604,360",0.32
     Charges and miscellaneous general revenue,"698,606,615",0.15,"12,357,280",0.42,"4,778,175",0.22,"9,775,329",0.42,"4,846,121",0.5,"93,758,308",0.92,"12,597,969",0.69,"5,505,192",0.22,"2,676,985",0,"1,818,986",0,"45,994,160",0.39,"16,075,408",0.46,"3,752,547",0,"3,144,683",0.36,"20,378,342",0.59,"14,337,941",1.1,"11,162,439",0.75,"7,824,820",0.84,"7,470,970",0.28,"9,612,526",0.15,"1,986,304",0.53,"10,686,656",0.12,"13,972,553",0.2,"21,914,189",0.86,"12,152,944",1.1,"6,694,120",0.41
          Current charges,"477,589,303",0.16,"9,787,576",0.51,"1,520,398",0.69,"6,577,442",0.6,"3,363,673",0.66,"70,029,779",0.8,"8,970,225",0.85,"3,430,053",0.33,"1,553,566",0,"797,539",0,"30,630,730",0.41,"11,882,945",0.59,"2,408,420",0,"2,383,991",0.46,"12,934,971",0.9,"10,739,249",1.45,"6,729,719",1.24,"5,520,802",1.15,"5,619,894",0.35,"5,619,515",0.16,"1,396,312",0.69,"7,094,967",0.16,"8,348,505",0.32,"15,935,245",1.16,"8,154,212",1.59,"5,652,189",0.47
               Education,"123,753,671",0.02,"2,742,215",0,"218,706",0.03,"2,719,903",0,"1,006,031",0,"10,268,614",0,"3,163,645",0,"1,425,689",0.05,"792,344",0,"36,322",0,"4,575,391",0,"2,892,517",0,"429,654",0,"509,101",0,"4,170,307",0,"3,665,570",0,"1,914,792",0,"1,487,135",0,"1,628,753",0,"1,515,957",0,"365,832",0.05,"2,530,707",0,"2,876,810",0.1,"5,827,139",0,"2,379,074",0,"1,255,302",0
                    Institutions  of higher education,"108,326,454",0.02,"2,383,523",0,"185,684",0,"2,503,390",0,"850,094",0,"9,138,613",0,"2,694,611",0,"1,282,001",0,"778,127",0,"31,798",0,"3,407,132",0,"2,394,280",0,"398,447",0,"471,261",0,"3,609,101",0,"3,336,658",0,"1,738,000",0,"1,338,000",0,"1,512,636",0,"1,450,718",0,"318,268",0,"2,407,456",0,"2,534,048",0,"5,266,896",0,"1,872,130",0,"1,072,218",0
                    School lunch sales (gross),"5,611,741",0.1,"101,181",0,"7,308",0.66,"84,562",0,"49,648",0,"365,301",0,"89,420",0,"121,093",0.58,"13,340",0,672,0,"219,576",0,"163,785",0,"22,473",0,"22,873",0,"200,948",0,"181,946",0,"110,507",0,"81,526",0,"73,500",0,"39,194",0,"27,341",0.54,"93,633",0,"158,332",0.61,"157,318",0,"181,038",0,"44,456",0
               Hospitals,"143,628,284",0.31,"5,128,186",0.73,"365,595",2.38,"717,192",0.04,"1,221,311",1.62,"23,321,436",0.99,"1,899,482",1.52,"387,300",0,"5,485",0,"140,867",0,"7,439,711",0.2,"4,077,494",1.01,"629,561",0,"594,965",0.01,"1,685,509",4.04,"4,534,265",3.29,"3,302,199",2.49,"2,567,222",2.43,"2,156,440",0.17,"2,086,851",0.12,"131,039",0.1,"199,700",0,"319,202",0,"4,057,500",3.61,"1,951,933",5.93,"3,427,557",0.51
               Highways,"17,834,059",0.19,"12,108",20.07,"84,580",0.3,"24,863",2.18,"10,415",0.12,"759,558",2.83,"280,534",0.97,"9,440",0.14,"295,339",0,0,0,"1,782,922",0.12,"39,381",0.82,"4,623",0,"33,128",0.89,"1,067,557",0.2,"10,790",3,"3,979",3.87,"119,043",0.49,"63,317",0.59,"49,088",0.49,"136,510",0.19,"732,052",0,"931,503",0,"147,752",4.58,"126,925",3.12,"15,850",0
               Air transportation (airports),"21,760,229",0.28,"109,911",5,"156,295",0.02,"482,887",0.31,"75,305",2.46,"3,186,088",0.84,"778,216",0.22,"39,598",2.67,"7,908",0,0,0,"2,051,680",1.36,"582,807",0.34,"357,018",0,"38,523",0.3,"1,294,403",1.64,"207,998",0.46,"67,710",0.69,"45,522",0.28,"191,514",0.51,"158,036",0.03,"36,519",0.71,"224,104",0,"696,220",0,"497,793",0.92,"319,087",0.37,"45,416",4.85
               Parking facilities,"3,004,054",1.63,"10,161",0,"1,233",9.85,"12,974",0.12,"3,694",4.67,"709,859",6.34,"23,511",22.61,"75,516",0.15,"17,578",0,"40,583",0,"205,052",7.04,"16,338",0.9,"10,705",0,187,0,"59,885",4.09,"10,980",0.37,"23,835",0.01,"6,331",0,"29,466",0,"7,945",0,"10,443",1.29,"130,383",0.16,"45,017",4,"87,157",1.57,"89,051",0,188,0
               Sea and inland port facilities,"5,251,895",1.26,"289,772",0,"72,226",2.49,0,0,"3,810",0.94,"1,372,124",2.09,0,0,"1,346",0.28,"40,492",0,0,0,"494,902",1.13,"356,496",0,"116,877",0,"1,134",82.32,"10,353",8.36,"17,672",0.38,13,8.42,0,0,"14,046",72.23,"184,008",0.25,"3,831",24.41,"55,911",0,"99,697",1.42,"2,625",8.44,"18,637",0.08,"37,120",2.87
               Natural resources,"4,520,120",3.44,"8,011",1.14,"26,358",0,"133,153",20.5,"25,185",0.66,"1,530,248",9.14,"80,403",4.98,"33,846",0.12,"1,393",0,0,0,"493,977",4.73,"55,153",0.14,"18,212",0,"99,259",5.83,"63,172",10.55,"50,794",0.47,"96,285",0.46,"45,772",1.84,"54,239",0.27,"27,750",0.06,"21,651",7.12,"19,829",2.23,"24,236",0.29,"66,797",1.86,"79,489",0,"16,944",3.01
               Parks and recreation,"10,618,165",0.85,"166,174",0.89,"15,712",0.86,"153,166",1.18,"77,591",3.21,"1,714,043",3.31,"335,256",9.26,"103,964",0.65,"13,921",0,"28,608",0,"737,534",3.2,"231,952",1.88,"43,570",0,"48,208",0.91,"1,019,430",4.47,"163,401",1.38,"105,147",1.81,"84,015",0.27,"124,000",0.82,"212,042",0.57,"30,569",2.53,"199,831",0.83,"148,467",2.93,"203,902",2.65,"281,680",1.5,"59,949",2.61
               Housing and community development,"6,620,226",1.44,"85,630",3.7,"61,401",0.04,"30,787",3.06,"29,436",7.78,"872,781",9.28,"153,668",11.48,"141,081",7.06,"17,219",0,"27,900",0,"223,327",6,"112,242",4.93,"30,900",0,"28,357",5.53,"193,790",4.41,"47,651",5.4,"20,332",4.5,"43,301",10.53,"41,107",3.41,"68,517",3.21,"35,197",6.27,"209,279",0.33,"387,902",5.63,"82,820",4.47,"301,791",4.04,"31,825",8.19
               Sewerage,"54,096,648",0.56,"506,632",3.64,"106,418",1.23,"920,885",1.87,"297,557",1.6,"7,379,995",2.83,"931,482",5.51,"448,294",0.67,"162,344",0,"312,768",0,"3,338,047",2.84,"1,441,519",1.37,"460,776",0,"229,835",3.81,"1,467,870",4.68,"1,562,407",2.39,"565,270",1.73,"433,939",0.34,"596,281",2.26,"437,159",1.73,"160,004",5.16,"1,205,223",0.87,"1,678,189",0.7,"2,025,410",1.73,"1,075,131",3.42,"264,508",5.33
               Solid waste management,"17,183,131",0.79,"204,481",4.31,"82,832",0.94,"467,053",1.39,"174,267",3.04,"2,928,736",3.61,"115,578",2.74,"187,599",1.6,"78,494",0,"5,144",0,"2,236,389",1.79,"617,558",3.1,"156,830",0,"153,903",1.12,"300,551",5.09,"150,717",5.95,"263,584",2.29,"148,811",4.96,"125,034",4.03,"209,460",1.4,"51,704",4.57,"422,990",0.47,"138,998",2.87,"239,900",3.15,"285,953",3.28,"149,661",6.79
               Other charges,"69,318,821",0.71,"524,295",4.74,"329,042",1.64,"914,579",2.32,"439,071",1.24,"15,986,297",2.59,"1,208,450",2.62,"576,380",0.49,"121,049",0,"205,347",0,"7,051,798",0.7,"1,459,488",3.34,"149,694",0,"647,391",0.29,"1,602,144",2.15,"317,004",7.84,"366,573",1.66,"539,711",1.55,"595,697",1.38,"662,702",0.24,"413,013",0.71,"1,164,958",0.3,"1,002,264",0.78,"2,696,450",3.98,"1,245,461",3.46,"347,869",2.73
          Miscellaneous general revenue,"221,017,312",0.32,"2,569,704",0.57,"3,257,777",0.06,"3,197,887",0.32,"1,482,448",0.68,"23,728,529",2.78,"3,627,744",1.12,"2,075,139",0.18,"1,123,419",0,"1,021,447",0,"15,363,430",0.84,"4,192,463",0.57,"1,344,127",0,"760,692",0.37,"7,443,371",0.45,"3,598,692",0.55,"4,432,720",0.26,"2,304,018",0.68,"1,851,076",0.3,"3,993,011",0.29,"589,992",0.77,"3,591,689",0.16,"5,624,048",0.15,"5,978,944",0.57,"3,998,732",0.8,"1,041,931",0.72
               Interest earnings,"50,195,097",0.2,"433,855",1.52,"819,958",0.12,"762,157",0.67,"258,342",3.12,"4,425,542",1.69,"935,591",1.44,"688,888",0.17,"114,425",0,"51,831",0,"1,759,270",0.86,"670,910",1.41,"79,944",0,"155,636",1.08,"1,999,248",0.42,"1,171,306",0.35,"2,440,722",0.12,"417,879",1.03,"580,192",0.47,"793,444",0.36,"175,700",0.7,"635,419",0.12,"1,279,147",0.11,"1,433,913",1.16,"1,026,910",2.53,"172,223",2.1
               Special assessments,"7,955,318",2.05,"17,802",14.16,"6,281",1.26,"44,125",9.73,"21,675",14.38,"1,591,791",6.08,"204,732",11.05,"33,767",4.76,"20,540",0,0,0,"2,521,158",4.36,"54,066",3.51,"28,881",0,"35,641",4.03,"440,848",0.3,"17,455",21.22,"20,010",20.96,"131,901",2.31,"10,502",8.37,"22,966",2.23,"8,838",11.48,"36,179",0.62,"13,479",18.29,"198,677",8.68,"337,099",2.97,"10,581",24.09
               Sale of property,"4,279,042",14.61,"113,296",2.92,"282,484",0,"168,141",0.51,"31,449",6.27,"1,181,701",52.86,"101,916",10.84,"17,869",2.68,"7,922",0,0,0,"220,384",2.92,"65,897",8.31,448,0,"75,007",1.39,"9,017",6.55,"57,870",2.51,"29,468",5.94,"17,691",10.42,"49,669",5.99,"17,222",1.94,"5,477",8.77,"14,425",8.95,"119,508",0.42,"80,325",2.04,"45,522",2.43,"26,461",8.91
               Other general revenue,"158,587,855",0.15,"2,004,751",0.61,"2,149,054",0.07,"2,223,464",0.35,"1,170,982",0.41,"16,529,495",1.03,"2,385,505",1.22,"1,334,615",0.24,"980,532",0,"969,616",0,"10,862,618",0.61,"3,401,590",0.62,"1,234,854",0,"494,408",0.28,"4,994,258",0.65,"2,352,061",0.81,"1,942,520",0.54,"1,736,547",0.84,"1,210,713",0.29,"3,159,379",0.36,"399,977",1.06,"2,905,666",0.19,"4,211,914",0.18,"4,266,029",0.56,"2,589,201",0.6,"832,666",0.66
Utility revenue,"166,243,727",0.39,"3,097,889",4.51,"405,910",1.05,"4,826,427",0.8,"986,437",1.25,"27,989,922",1.77,"2,766,018",2.37,"788,718",1.77,"469,724",0,"1,067,057",0,"9,564,141",1.82,"5,205,693",2.25,"417,658",0,"237,127",2.59,"5,066,716",1.49,"2,734,508",2.71,"1,165,120",3.1,"1,542,202",0.86,"1,813,710",2.09,"1,215,448",1.51,"138,896",5.38,"1,069,327",0.7,"3,776,985",0.81,"2,787,504",1.55,"2,412,118",1.8,"904,962",4.1
     Water supply,"61,156,776",0.61,"886,531",3.47,"113,559",1.04,"1,383,506",1.63,"471,973",2.11,"13,249,350",2.13,"1,434,250",4.37,"329,906",2.41,"85,412",0,"168,413",0,"4,095,476",2.55,"2,171,304",1.58,"356,139",0,"147,287",3.18,"2,838,528",1.96,"865,815",3.99,"524,293",3.96,"639,509",1.82,"723,584",4.74,"479,737",1.73,"113,924",6.55,"824,885",0.88,"1,390,698",0.94,"1,575,567",2.31,"646,537",1.7,"295,246",4.23
     Electric power,"81,250,216",0.63,"1,761,495",7.51,"284,633",1.43,"3,284,123",0.96,"507,249",1.43,"12,212,403",3.29,"957,522",1.98,"382,494",2.96,"362,991",0,0,0,"4,871,457",2.84,"1,930,644",4.24,0,0,"86,604",4.53,"1,149,094",4.27,"1,381,448",4.73,"547,506",5.35,"846,603",0.74,"676,625",1.62,"563,106",2.36,"12,319",0.83,"72,294",2.34,"1,524,849",1.67,"1,124,828",2.07,"1,494,382",2.8,"444,099",7.12
     Gas supply,"7,477,625",1.51,"445,008",7.4,0,0,"43,613",5.8,"3,599",12.72,"235,687",15.95,"224,135",0.62,"19,361",0.1,0,0,0,0,"252,772",3.6,"928,810",8.2,0,0,0,0,"84,154",11.78,"436,801",1.61,"67,789",5.62,"49,737",2.14,"388,944",3.02,"141,300",6.87,0,0,0,0,"57,269",0,0,0,"150,023",0.57,"163,535",9.11
     Transit,"16,359,110",0.28,"4,855",0.2,"7,718",0,"115,185",0.52,"3,616",7.96,"2,292,482",1.74,"150,111",1.21,"56,957",2.77,"21,321",0,"898,644",0,"344,436",0.18,"174,935",0.02,"61,519",0,"3,236",18.74,"994,940",0.87,"50,444",0.14,"25,532",8.17,"6,353",0,"24,557",0.13,"31,305",0,"12,653",2.3,"172,148",0,"804,169",1.37,"87,109",1.79,"121,176",0.78,"2,082",46.26
Liquor store revenue,"9,411,541",0.23,"308,180",0,"6,019",33.92,0,0,0,0,0,0,0,0,0,0,0,0,0,0,0,0,0,0,0,0,"145,953",0,0,0,0,0,"280,834",0,0,0,0,0,0,0,33,0,"290,455",0,0,0,"1,021,890",0,"333,948",4.62,"312,934",0
Insurance trust revenue2,"320,089,958",0.1,"1,944,260",0.08,"709,400",0,"4,708,066",0.01,"2,237,457",0.06,"61,700,381",0.08,"6,295,340",0.72,"2,893,283",2.49,"681,151",0.15,"850,711",0,"12,848,139",1.46,"6,322,117",0.58,"1,251,747",0,"1,267,968",0,"14,368,374",0.37,"2,920,175",0.31,"2,854,399",0,"1,810,673",0,"3,145,562",0.05,"4,240,900",0.46,"775,379",0,"4,233,695",0.94,"7,687,605",1.15,"7,699,519",0.81,"6,803,506",0.08,"2,330,234",0
     Unemployment compensation,"49,303,171",0,"338,715",0,"212,932",0,"462,457",0,"363,697",0,"9,997,694",0,"729,386",0,"918,825",0,"140,401",0,"169,371",0,"1,575,852",0,"853,438",0,"247,513",0,"173,595",0,"2,548,346",0,"700,437",0,"450,586",0,"421,809",0,"543,275",0,"256,040",0,"162,586",0,"698,732",0,"1,599,745",0,"1,528,668",0,"985,902",0,"183,088",0
     Employee retirement,"247,486,231",0.13,"1,605,545",0.1,"491,080",0,"4,245,609",0.01,"1,856,986",0.08,"43,569,127",0.11,"4,796,097",0.95,"1,934,366",3.72,"532,539",0.19,"681,340",0,"11,269,227",1.66,"5,374,329",0.68,"1,004,234",0,"884,469",0,"11,814,065",0.45,"2,213,471",0.4,"2,398,100",0,"1,380,096",0,"2,340,734",0.07,"3,691,666",0.53,"601,832",0,"3,090,241",1.28,"5,792,189",1.52,"6,151,965",1.01,"5,737,344",0.09,"2,141,833",0
     Workers' compensation,"15,712,731",0,0,0,"5,388",0,0,0,"16,774",0,"1,830,327",0,"762,699",0,"40,092",0,"8,211",0,0,0,"3,060",0,0,0,0,0,"209,904",0,"5,814",0,"6,267",0,"5,713",0,"8,768",0,"261,553",0,"113,696",0,"10,961",0,"353,595",0,"77,920",0,"18,886",0,"80,260",0,"5,313",0
     Other insurance trust revenue,"7,587,825",0,0,0,0,0,0,0,0,0,"6,303,233",0,"7,158",0,0,0,0,0,0,0,0,0,"94,350",0,0,0,0,0,149,0,0,0,0,0,0,0,0,0,"179,498",0,0,0,"91,127",0,"217,751",0,0,0,0,0,0,0
           Expenditure1,"3,405,438,716",0.05,"47,322,321",0.36,"16,856,025",0.14,"51,738,519",0.16,"26,098,283",0.15,"514,882,148",0.19,"55,219,433",0.37,"40,154,113",0.31,"10,820,667",0.02,"15,705,670",0,"164,800,873",0.22,"79,597,340",0.28,"15,574,132",0,"12,666,037",0.15,"142,658,109",0.25,"54,793,743",0.25,"33,750,921",0.53,"27,958,492",0.3,"43,919,437",0.14,"45,903,350",0.07,"12,099,770",0.23,"66,456,169",0.25,"87,027,762",0.19,"93,510,917",0.31,"60,595,397",0.3,"28,831,534",0.2
By character and object:,,,,,,,,,,,,,,,,,,,,,,,,,,,,,,,,,,,,,,,,,,,,,,,,,,,,
     Intergovernmental expenditure1,"3,210,012",0,0,0,0,0,0,0,132,0,"2,786,881",0,"1,699",0,0,0,916,0,0,0,0,0,0,0,382,0,0,0,"9,458",0,"3,289",0,0,0,"35,022",0,0,0,0,0,0,0,0,0,"1,538",0,"11,023",0,242,0,0,0
     Direct expenditure,"3,402,228,704",0.05,"47,322,321",0.36,"16,856,025",0.14,"51,738,519",0.16,"26,098,151",0.15,"512,095,267",0.19,"55,217,734",0.37,"40,154,113",0.31,"10,819,751",0.02,"15,705,670",0,"164,800,873",0.22,"79,597,340",0.28,"15,573,750",0,"12,666,037",0.15,"142,648,651",0.25,"54,790,454",0.25,"33,750,921",0.53,"27,923,470",0.3,"43,919,437",0.14,"45,903,350",0.07,"12,099,770",0.23,"66,456,169",0.25,"87,026,224",0.19,"93,499,894",0.31,"60,595,155",0.3,"28,831,534",0.2
          Current operations,"2,561,395,627",0.06,"36,496,529",0.44,"12,177,656",0.18,"39,628,012",0.19,"20,724,324",0.17,"376,478,630",0.23,"39,441,336",0.43,"28,460,000",0.23,"8,676,483",0,"12,047,537",0,"130,649,027",0.22,"60,535,512",0.27,"11,483,220",0,"10,134,743",0.14,"101,437,421",0.33,"43,102,319",0.32,"25,569,569",0.35,"21,553,798",0.39,"32,553,188",0.15,"33,817,877",0.07,"9,848,889",0.25,"51,720,535",0.05,"65,535,017",0.22,"73,397,079",0.37,"45,969,663",0.34,"22,702,445",0.22
          Capital outlay,"336,087,532",0.18,"3,917,282",1.15,"2,792,085",0.31,"5,016,452",0.77,"2,441,942",0.62,"44,285,792",0.89,"6,812,597",1.46,"4,153,430",0.51,"758,085",0,"2,488,403",0,"16,395,674",0.75,"8,366,897",1.27,"2,241,613",0,"1,101,720",1.09,"13,926,804",0.85,"5,282,914",0.49,"4,568,615",3.38,"3,347,988",0.4,"4,279,964",0.81,"5,155,879",0.34,"742,757",1.79,"5,282,942",0.09,"8,715,006",0.79,"6,127,145",1.11,"6,302,614",1.34,"2,775,296",0.98
               Construction,"271,189,843",0.2,"2,886,686",1.47,"2,446,644",0.35,"4,337,787",0.85,"2,013,310",0.63,"37,162,835",1.01,"5,591,629",1.68,"3,502,691",0.52,"621,919",0,"2,290,118",0,"12,750,190",0.69,"6,384,565",0.92,"1,452,029",0,"804,337",1.47,"11,483,352",0.92,"3,678,594",0.66,"3,965,670",3.88,"2,682,848",0.43,"3,505,635",0.94,"4,170,198",0.42,"589,438",2.1,"4,444,790",0.03,"6,915,141",0.97,"4,554,231",1.38,"4,626,867",0.68,"2,201,448",1.07
               Other capital outlay,"64,897,689",0.36,"1,030,596",1.42,"345,441",0.23,"678,665",1.6,"428,632",1.91,"7,122,957",1.66,"1,220,968",2.61,"650,739",1.7,"136,166",0,"198,285",0,"3,645,484",2.34,"1,982,332",4.47,"789,584",0,"297,383",0.7,"2,443,452",2.1,"1,604,320",0.55,"602,945",1.84,"665,140",1.06,"774,329",1.42,"985,681",0.21,"153,319",3.18,"838,152",0.55,"1,799,865",0.76,"1,572,914",1.67,"1,675,747",4.66,"573,848",2.41
          Assistance and subsidies,"57,331,814",0.05,"2,051,655",0,"196,622",0,"898,849",0,"467,159",0,"12,087,102",0,"872,228",0,"541,510",0.02,"318,913",0,"149,327",0,"1,433,614",0,"1,086,289",0,"146,408",0,"137,869",0,"1,464,072",0,"1,078,669",0,"569,550",0,"195,717",0,"1,037,327",0,"671,297",0,"162,485",0.08,"1,722,166",0,"995,832",0,"1,227,677",0,"1,226,072",0.83,"346,878",0
          Interest on debt,"122,305,060",0.13,"1,176,547",1.03,"393,291",0.09,"1,711,026",0.73,"521,491",1.58,"19,423,537",0.58,"2,411,209",1.21,"1,844,282",0.12,"316,589",0,"537,899",0,"5,363,547",0.81,"2,377,706",1.25,"342,917",0,"244,162",0.75,"7,066,187",0.34,"2,292,763",0.4,"647,517",1.04,"853,902",0.48,"1,777,397",0.56,"1,600,601",0.13,"309,421",0.45,"2,106,089",0.14,"3,332,535",0.15,"3,221,375",0.45,"1,834,771",0.55,"480,076",0.98
          Insurance benefits and repayments,"325,108,671",0.13,"3,680,308",0.04,"1,296,371",0,"4,484,180",0.02,"1,943,235",0.06,"59,820,206",0.19,"5,680,364",0.91,"5,154,891",2.05,"749,681",0.29,"482,504",0,"10,959,011",1.71,"7,230,936",1.59,"1,359,592",0,"1,047,543",0,"18,754,167",0.4,"3,033,789",0.13,"2,395,670",0,"1,972,065",0,"4,271,561",0.1,"4,657,696",0.24,"1,036,218",0,"5,624,437",2.88,"8,447,834",0.5,"9,526,618",0.64,"5,262,035",0.02,"2,526,839",0
          Exhibit: Salaries and wages,"900,860,694",0.05,"12,565,281",0.52,"3,448,682",0.08,"14,376,855",0.1,"6,940,917",0.44,"130,304,927",0.03,"15,735,181",0.13,"12,390,860",0.1,"2,698,594",0.02,"3,751,793",0,"42,556,925",0.09,"22,280,029",0.8,"4,174,395",0,"3,626,093",0.23,"37,842,101",0.09,"14,474,443",0.45,"9,712,475",0.1,"8,957,680",0.07,"10,556,743",0.58,"11,427,548",1.03,"3,215,277",1.14,"18,926,186",0.19,"21,110,366",0.6,"24,473,628",0.47,"16,321,200",0.4,"7,645,269",0.62
Direct expenditure by function,"3,402,228,704",0.05,"47,322,321",0.36,"16,856,025",0.14,"51,738,519",0.16,"26,098,151",0.15,"512,095,267",0.19,"55,217,734",0.37,"40,154,113",0.31,"10,819,751",0.02,"15,705,670",0,"164,800,873",0.22,"79,597,340",0.28,"15,573,750",0,"12,666,037",0.15,"142,648,651",0.25,"54,790,454",0.25,"33,750,921",0.53,"27,923,470",0.3,"43,919,437",0.14,"45,903,350",0.07,"12,099,770",0.23,"66,456,169",0.25,"87,026,224",0.19,"93,499,894",0.31,"60,595,155",0.3,"28,831,534",0.2
     Direct general expenditure,"2,841,079,436",0.06,"40,277,001",0.21,"14,804,235",0.15,"41,486,266",0.19,"23,150,567",0.15,"410,577,739",0.2,"45,063,968",0.39,"33,602,379",0.19,"9,509,701",0,"12,388,397",0,"142,729,146",0.19,"66,126,532",0.24,"13,058,354",0,"11,255,013",0.16,"115,451,436",0.29,"49,049,578",0.25,"29,888,300",0.33,"24,401,536",0.34,"37,539,236",0.12,"39,693,568",0.07,"10,859,685",0.24,"58,012,371",0.05,"72,074,258",0.22,"79,771,454",0.35,"52,214,439",0.33,"25,084,954",0.17
          Capital outlay,"281,238,973",0.19,"3,574,199",0.99,"2,514,270",0.33,"3,633,725",1.02,"2,285,383",0.6,"32,407,630",1.16,"5,230,314",1.74,"3,827,956",0.54,"707,565",0,"1,615,784",0,"14,723,749",0.75,"7,262,723",1.44,"1,629,449",0,"1,037,265",1.11,"11,945,214",0.91,"4,767,539",0.52,"4,330,724",1.14,"3,113,482",0.39,"3,932,665",0.54,"4,765,051",0.33,"678,873",1.62,"4,590,581",0.1,"6,627,927",1.03,"5,462,620",1.2,"5,793,613",1.42,"2,617,991",0.95
          Other direct general expenditure,"2,559,840,463",0.06,"36,702,802",0.21,"12,289,965",0.17,"37,852,541",0.18,"20,865,184",0.16,"378,170,109",0.19,"39,833,654",0.38,"29,774,423",0.21,"8,802,136",0,"10,772,613",0,"128,005,397",0.19,"58,863,809",0.2,"11,428,905",0,"10,217,748",0.13,"103,506,222",0.3,"44,282,039",0.27,"25,557,576",0.33,"21,288,054",0.39,"33,606,571",0.12,"34,928,517",0.06,"10,180,812",0.23,"53,421,790",0.05,"65,446,331",0.22,"74,308,834",0.37,"46,420,826",0.33,"22,466,963",0.16
     Education services:,,,,,,,,,,,,,,,,,,,,,,,,,,,,,,,,,,,,,,,,,,,,,,,,,,,,
               Education,"934,353,108",0.04,"14,699,632",0.06,"3,661,680",0.46,"13,890,587",0,"8,133,500",0,"115,172,333",0.11,"15,340,623",0,"13,078,525",0.4,"3,616,850",0,"2,724,401",0,"39,693,103",0,"25,560,266",0,"3,179,175",0,"3,222,484",0,"37,705,420",0,"16,718,013",0,"10,839,989",0,"9,232,404",0,"11,811,275",0,"11,811,814",0,"3,330,486",0.5,"19,580,539",0,"21,878,366",0.5,"28,932,005",0,"16,981,462",0,"7,822,090",0
                    Capital outlay,"84,147,850",0.09,"1,162,675",0.67,"464,228",1.72,"1,170,854",0,"872,413",0,"9,785,335",0,"1,735,203",0,"1,103,420",0.33,"261,212",0,"432,834",0,"2,371,415",0,"2,655,124",0,"318,704",0,"148,232",0,"2,856,386",0,"1,523,877",0,"1,416,034",0,"1,318,376",0,"1,016,541",0,"812,498",0,"132,188",0.22,"1,704,541",0,"2,088,948",2.07,"2,327,416",0,"1,638,702",0,"640,536",0
                 Higher education,"273,934,973",0.04,"4,863,337",0,"865,213",0,"5,509,167",0,"2,561,814",0,"37,201,730",0,"5,380,159",0,"3,122,235",0,"1,282,998",0,"178,195",0,"10,304,869",0,"5,385,463",0,"1,082,318",0,"1,046,262",0,"9,668,012",0,"5,862,136",0,"3,944,718",0,"3,299,521",0,"3,990,409",0,"3,075,283",0,"788,044",0,"5,948,356",0,"5,150,616",0,"11,028,092",0,"4,692,019",0,"2,844,525",0
                    Capital outlay,"30,640,560",0.05,"632,371",0,"173,575",0,"672,413",0,"360,808",0,"3,379,287",0,"808,274",0,"463,854",0,"153,925",0,"43,207",0,"681,851",0,"662,795",0,"130,693",0,"64,133",0,"790,518",0,"572,792",0,"572,606",0,"351,334",0,"414,320",0,"209,194",0,"75,902",0,"652,110",0,"877,488",0,"1,359,914",0,"309,311",0,"339,508",0
                 Elementary & secondary,"609,926,243",0.06,"7,496,899",0.13,"2,651,136",0.63,"7,732,726",0,"5,021,308",0,"72,054,580",0.17,"9,077,507",0,"9,173,400",0.57,"1,882,216",0,"2,546,206",0,"26,643,911",0.01,"18,245,874",0,"1,973,726",0,"1,978,009",0,"26,330,079",0,"9,765,421",0,"6,401,072",0,"5,656,317",0,"6,853,898",0,"7,904,951",0,"2,369,191",0.7,"12,742,631",0,"15,490,568",0.71,"16,730,543",0,"11,414,003",0,"4,457,621",0
                    Capital outlay,"52,891,725",0.14,"518,043",1.5,"288,237",2.76,"497,731",0,"511,556",0,"6,374,070",0,"923,367",0,"532,231",0.68,"103,129",0,"389,627",0,"1,682,256",0,"1,879,087",0,"187,608",0,"75,680",0,"2,056,951",0,"948,370",0,"842,674",0,"963,767",0,"600,859",0,"597,824",0,"56,031",0.51,"1,050,660",0,"1,198,104",3.62,"967,476",0,"1,328,863",0,"296,292",0
                 Other education,"50,491,892",0,"2,339,396",0,"145,331",0,"648,694",0,"550,378",0,"5,916,023",0,"882,957",0,"782,890",0,"451,636",0,0,0,"2,744,323",0,"1,928,929",0,"123,131",0,"198,213",0,"1,707,329",0,"1,090,456",0,"494,199",0,"276,566",0,"966,968",0,"831,580",0,"173,251",0,"889,552",0,"1,237,182",0,"1,173,370",0,"875,440",0,"519,944",0
               Libraries,"11,570,428",1.4,"98,260",2.2,"52,626",0.92,"170,777",1.67,"104,302",4.68,"1,418,198",5.79,"281,788",16,"169,386",0.86,"42,722",0,"71,910",0,"577,639",3.24,"185,375",1.22,"32,723",0,"55,280",10.5,"716,512",5.27,"402,196",7.33,"138,381",1.49,"119,417",3.86,"150,629",13.76,"199,210",0.13,"44,005",2.05,"196,692",0,"305,911",1.83,"344,376",7.09,"233,116",1.6,"49,688",11.89
     Social services and income maintenance:,,,,,,,,,,,,,,,,,,,,,,,,,,,,,,,,,,,,,,,,,,,,,,,,,,,,
               Public welfare,"613,501,946",0.02,"8,146,149",0.16,"2,013,118",0,"10,111,236",0,"6,591,349",0.11,"102,369,041",0,"7,969,352",0.02,"3,751,582",0.02,"2,280,592",0,"3,563,573",0,"26,958,435",0.04,"11,737,517",0.25,"2,636,451",0,"2,549,274",0,"22,238,504",0.05,"11,589,394",0.09,"5,838,815",0.05,"3,855,879",0.11,"10,887,508",0.01,"8,477,729",0,"3,055,434",0.04,"12,342,448",0,"19,719,540",0.01,"16,378,693",0.3,"13,565,758",0.31,"5,847,018",0.13
                    Cash assistance payments,"25,358,795",0.12,"1,446,948",0,"175,812",0,"302,975",0,"11,237",0,"7,156,564",0,"148,720",0.01,"200,913",0.06,"40,917",0,"149,327",0,"222,301",0,"91,157",0,"40,673",0,"58,647",0,"211,682",0,"148,427",0,"230,623",0,"59,559",0,"209,350",0,"64,418",0.02,"65,210",0.19,"1,416,915",0,"521,423",0,"239,071",0,"639,466",1.59,"56,346",0
                    Vendor payments,"501,124,604",0.01,"6,044,133",0,"1,551,345",0,"7,244,783",0,"5,959,009",0,"79,673,180",0,"6,386,126",0.02,"2,490,129",0,"1,892,733",0,"2,700,696",0,"23,894,187",0,"10,393,576",0,"2,084,935",0,"1,990,997",0,"18,378,139",0,"10,333,714",0,"5,060,742",0.01,"3,226,548",0,"9,799,109",0,"7,625,504",0,"2,113,073",0,"9,723,675",0,"17,738,909",0,"13,457,679",0,"10,917,375",0.08,"5,321,776",0
                    Other public welfare,"87,018,547",0.16,"655,068",2.04,"285,961",0.03,"2,563,478",0.01,"621,103",1.12,"15,539,297",0,"1,434,506",0.03,"1,060,540",0.06,"346,942",0,"713,550",0,"2,841,947",0.34,"1,252,784",2.38,"510,843",0,"499,630",0,"3,648,683",0.31,"1,107,253",0.97,"547,450",0.53,"569,772",0.76,"879,049",0.08,"787,807",0,"877,151",0.13,"1,201,858",0,"1,459,208",0.09,"2,681,943",1.86,"2,008,917",2,"468,896",1.58
               Hospitals,"170,198,338",0.59,"5,338,472",0.5,"459,227",1.91,"951,024",0.03,"1,073,265",1.66,"25,665,180",0.85,"2,249,235",1.59,"1,381,031",0,"90,693",0,"277,154",0,"8,530,717",0.3,"4,788,883",1.1,"658,402",0,"687,022",0.18,"2,716,390",3.13,"4,902,700",1.92,"3,417,048",2.25,"2,573,365",2.54,"2,129,038",0,"2,910,416",0.07,"190,915",0.13,"569,320",0,"1,575,450",0,"4,356,241",3.58,"2,023,299",6.08,"3,651,126",0.52
                    Capital outlay,"8,781,849",0.34,"321,976",0.2,"45,289",0.02,"20,482",1.03,"16,967",23.8,"1,351,876",0.63,"68,813",2.22,"8,583",0,488,0,"24,457",0,"385,697",0.26,"277,796",0.69,"50,770",0,"45,101",0,"89,402",5.01,"276,604",1.73,"332,236",3.17,"72,839",4.26,"114,836",0.02,"257,123",0.01,"1,063",0.95,"10,906",0,"93,609",0,"42,817",12.89,"63,036",4.18,"188,109",3.03
               Health,"91,809,580",0.37,"829,530",2.94,"269,346",0.28,"907,483",0.34,"325,156",0.74,"19,655,706",0.91,"741,227",4.93,"906,764",0.12,"463,110",0,"472,754",0,"5,088,956",0.6,"2,267,098",1.95,"524,069",0,"340,023",0.07,"2,151,908",0.81,"775,995",0.77,"411,902",6.1,"353,077",3.5,"853,977",2.3,"644,595",0.14,"241,823",0.87,"1,692,618",0.01,"1,178,676",0.29,"4,186,910",4.1,"1,095,091",3.48,"392,713",0.43
               Employment security administration,"4,223,228",0,"97,330",0,"40,572",0,0,0,"90,342",0,"413,393",0,"67,647",0,"19,225",0,"17,493",0,"41,818",0,"323,491",0,"33,939",0,"6,092",0,"37,697",0,"51,443",0,"97,478",0,"48,940",0,"34,717",0,"128,711",0,"134,971",0,"65,680",0,"58,483",0,"215,867",0,"107,954",0,"51,261",0,"114,054",0
               Veterans' services,"1,044,996",0,"6,212",0,0,0,"15,863",0,"1,611",0,"15,473",0,"5,182",0,"30,750",0,0,0,0,0,"8,745",0,"8,486",0,"1,024",0,0,0,"25,124",0,"4,384",0,"1,413",0,"12,054",0,"58,253",0,"5,343",0,124,0,"2,033",0,"82,815",0,0,0,"16,348",0,"3,480",0
     Transportation:,,,,,,,,,,,,,,,,,,,,,,,,,,,,,,,,,,,,,,,,,,,,,,,,,,,,
               Highways,"171,083,749",0.23,"2,387,575",1.4,"1,593,636",0.18,"2,235,299",1.07,"1,711,893",0.66,"16,562,840",1.45,"2,941,966",1.62,"2,355,983",0.27,"468,036",0,"469,871",0,"10,465,060",0.42,"3,187,866",1.23,"697,989",0,"883,307",1.29,"8,865,116",1.46,"2,734,233",0.71,"2,657,345",1.34,"1,908,151",1.65,"2,917,368",0.29,"2,284,287",0.4,"890,980",1.12,"3,434,257",0.32,"3,957,367",0.35,"3,649,212",2.54,"4,403,912",1.05,"1,614,073",0.88
                    Capital outlay,"93,810,195",0.3,"1,193,804",0.95,"815,048",0.04,"1,154,277",1.46,"882,772",0.77,"6,235,429",3.54,"1,364,837",2.79,"1,132,978",0.34,"214,533",0,"305,014",0,"7,091,110",0.47,"1,898,033",1.5,"318,585",0,"489,473",2.13,"5,485,510",0.71,"1,661,797",0.56,"1,508,303",2.16,"994,652",0.77,"1,973,946",0.21,"1,370,627",0.54,"327,425",2.39,"1,710,976",0.23,"1,864,889",0.54,"1,408,539",2.63,"2,507,207",1.15,"856,563",1.06
               Air transportation (airports),"22,675,172",0.36,"121,337",4.29,"328,665",0.03,"482,942",1.03,"110,065",3.83,"3,197,818",0.65,"766,682",0.33,"71,900",3.73,"7,108",0,0,0,"2,323,813",1.88,"674,123",0.43,"569,120",0,"56,948",1.1,"1,229,856",3.44,"240,942",1.82,"99,785",2.66,"160,160",0.42,"215,255",0.4,"222,873",0.33,"45,891",1.24,"326,111",0,"623,833",0,"484,520",1.97,"345,510",0.57,"98,577",16.49
               Parking facilities,"1,983,970",1.56,"19,022",0,"1,482",6.2,"21,153",0.51,"4,042",0.08,"485,649",5.9,"44,108",6.39,"48,556",0.01,"9,219",0,"27,069",0,"167,793",4.29,"10,550",0.48,"4,747",0,56,0,"60,023",3.11,"8,355",1.29,"19,780",0.01,"5,800",0.01,"28,847",0,"2,797",0,"7,982",0.53,"50,160",0.66,"19,183",2.27,"56,435",0.92,"63,544",0.01,"1,229",0
               Sea and inland port facilities,"6,311,613",1.5,"129,975",0,"169,256",2.04,0,0,"5,165",0.64,"1,895,948",0.79,0,0,"2,460",0,"43,626",0,0,0,"598,501",2.13,"308,052",0,"79,394",0,"1,324",85.83,"6,960",7.71,"18,630",0.42,8,9.59,0,0,"28,882",61.87,"316,185",0.15,"7,734",11.27,"133,517",0,"97,671",1.24,"5,800",42.32,"60,531",0.3,"66,510",3.46
     Public safety:,,,,,,,,,,,,,,,,,,,,,,,,,,,,,,,,,,,,,,,,,,,,,,,,,,,,
               Police protection,"104,806,925",0.36,"1,239,236",2.16,"395,059",0.48,"2,113,256",1.38,"677,496",1.43,"16,535,225",1.6,"1,779,074",1.95,"1,172,595",0.3,"360,615",0,"584,667",0,"7,529,788",1.84,"2,547,838",1.88,"456,058",0,"404,541",0.66,"5,009,667",2.06,"1,201,353",1.44,"745,119",1.08,"786,452",1.42,"771,509",1.01,"1,528,301",0.73,"265,292",1.8,"2,574,835",0.62,"2,426,320",0.74,"2,434,339",1.48,"1,840,392",0.91,"729,351",1.88
               Fire protection,"45,966,782",0.63,"457,054",2.43,"239,799",0.44,"1,080,485",3.92,"296,426",2.79,"7,501,465",2.38,"884,736",6.93,"589,368",1.1,"35,532",0,"243,139",0,"3,738,753",1.98,"1,101,080",2.38,"221,498",0,"174,772",2.82,"2,570,339",2.59,"841,538",3.76,"254,433",2.41,"328,487",0.93,"340,262",3.1,"684,307",0.54,"153,659",2.96,"1,102,167",0.08,"1,241,040",0.86,"917,613",2.47,"452,116",5.27,"264,694",3.65
               Correction,"76,641,224",0.26,"741,542",2.06,"348,405",0.19,"1,685,612",0,"527,918",1.1,"15,275,175",0,"1,289,610",0,"697,957",0,"304,986",0,"142,372",0,"4,331,700",0,"2,049,030",1.21,"212,722",0,"546,691",0,"2,297,323",0.31,"1,026,456",0.84,"445,125",1.27,"513,498",2,"861,661",1.25,"1,087,963",0,"207,963",0,"1,875,742",0,"913,575",0,"2,496,235",1.1,"910,930",1.32,"497,657",1.22
                    Capital outlay,"2,497,820",1.17,"36,168",3.86,"16,937",0,"28,265",0,"29,806",6.54,"1,008,166",0,"20,234",0,"4,091",0,"2,441",0,"7,134",0,"60,636",0,"134,450",2.01,"1,977",0,"12,722",0,"39,490",7.59,"30,597",5.73,"13,870",2.44,"13,620",8.21,"10,448",6.89,"67,179",0.01,"6,905",0,"37,711",0,"35,458",0,"33,512",60.52,"9,401",3.96,"30,457",8.46
               Protective inspection and regulation,"13,300,010",0.62,"135,355",3.48,"17,389",0.47,"189,452",0.97,"89,642",0.49,"3,735,717",2.1,"123,415",1.75,"101,409",0.35,"64,540",0,"96,871",0,"704,987",2.56,"180,284",2.05,"48,986",0,"58,271",0.87,"324,858",1.3,"150,547",1.42,"89,009",0.96,"89,443",0.23,"93,810",0.35,"124,733",0.16,"47,251",1.05,"296,940",0.39,"278,152",0.9,"421,924",0.96,"175,280",0.94,"68,362",1.3
     Environment and housing:,,,,,,,,,,,,,,,,,,,,,,,,,,,,,,,,,,,,,,,,,,,,,,,,,,,,
               Natural resources,"28,560,373",0.49,"263,227",0.71,"383,882",0.19,"476,500",6.59,"341,151",3.94,"4,829,149",1.88,"472,491",1.94,"249,639",0.16,"80,441",0.17,"60,291",0,"3,065,706",1.79,"486,746",0.43,"141,184",0,"292,313",1.87,"680,868",1.71,"401,345",0.61,"429,441",1.21,"267,595",1.55,"432,687",2.22,"1,071,316",0.17,"132,034",1.75,"544,256",0.29,"311,171",0.2,"417,650",1.66,"890,907",1.5,"345,709",0.72
                    Capital outlay,"4,696,943",1.27,"45,353",0.07,"5,671",5.46,"64,907",1.57,"22,242",30.8,"846,084",2.61,"61,813",4.81,"58,467",0.27,"19,435",0,"1,655",0,"479,666",3.57,"92,215",0.18,"37,908",0,"26,945",10.48,"103,263",4.91,"48,323",2.47,"100,901",2.88,"16,177",1.81,"30,059",0.23,"469,225",0.38,"4,387",48.51,"51,302",1.68,"71,284",0.07,"70,738",8.31,"104,695",4.14,"38,082",1.51
               Parks and recreation,"39,678,352",0.98,"417,911",3.22,"134,566",1.34,"644,373",1.41,"259,873",2.32,"5,832,536",5.08,"1,171,845",5.73,"347,591",0.61,"70,836",0,"220,494",0,"2,829,911",2.83,"810,354",2.93,"256,766",0,"143,916",1.2,"2,600,023",7.44,"468,558",1.24,"326,940",2.43,"319,817",0.81,"335,393",1.07,"759,488",0.86,"91,620",2.13,"1,131,111",0.58,"477,492",7.8,"952,794",1.39,"1,059,057",1.44,"236,612",1.7
                    Capital outlay,"8,341,955",1.4,"42,181",7.61,"38,895",3.02,"65,972",4.29,"63,568",3.85,"1,035,032",6.47,"205,916",11.18,"108,286",1.36,"15,664",0,"61,750",0,"452,689",6.03,"164,580",11.01,"54,870",0,"19,027",3.47,"426,084",7.65,"67,176",5.04,"45,541",12.75,"58,627",0.36,"33,631",3.72,"195,916",2.19,"14,449",3.14,"96,642",1.99,"122,089",30.37,"275,293",2.91,"191,991",7.19,"29,911",5.61
               Housing and community development,"49,754,263",0.9,"505,630",7.48,"340,108",0.08,"516,628",0.95,"190,540",2.85,"8,282,602",4.1,"817,235",8.83,"801,790",3.71,"144,647",0,"604,553",0,"2,431,905",2.53,"1,216,476",3.12,"244,160",0,"134,512",1.25,"2,178,731",4.98,"788,814",1.99,"250,453",2.52,"274,987",8.23,"419,853",1.54,"785,203",0.6,"286,341",2.21,"1,428,672",0.17,"2,611,007",3.22,"1,159,700",1.46,"939,749",8.1,"271,777",3.96
               Sewerage,"51,888,368",0.64,"332,188",4.76,"112,862",0.96,"777,430",3.82,"322,334",2.35,"6,927,309",3.28,"1,029,463",4.65,"613,432",0.73,"183,908",0,"608,664",0,"3,276,528",3.33,"1,251,027",2.09,"396,252",0,"187,270",4.03,"1,997,648",3.93,"889,049",3.24,"536,909",5.6,"386,567",0.59,"555,910",2.43,"721,660",1.3,"164,419",5,"1,304,639",0.86,"1,107,906",1.45,"2,185,809",2.79,"874,525",3.56,"352,750",2.78
                    Capital outlay,"17,847,212",1.18,"64,548",9.02,"35,090",0.21,"315,696",9.01,"126,489",4.28,"2,031,716",6.49,"432,198",6.5,"278,971",0.48,"59,367",0,"442,063",0,"787,762",7.67,"334,188",3.49,"219,779",0,"55,552",6.11,"771,449",7.62,"283,669",6.89,"194,481",14.91,"113,098",0.57,"214,915",3.83,"361,512",0.85,"39,570",6.59,"238,166",0,"377,121",1.54,"547,864",7.7,"143,373",10.56,"194,258",2.93
               Solid waste management,"23,941,702",0.57,"258,836",4.6,"143,299",0.64,"387,708",1.5,"224,799",3.04,"2,928,725",3.19,"135,353",7.7,"298,901",0.71,"83,234",0,"114,296",0,"2,379,120",2.39,"694,751",2.61,"258,829",0,"160,483",1.04,"563,913",2.36,"230,689",4.39,"265,613",1.86,"170,650",3.69,"214,891",2.19,"344,709",1,"117,276",2.52,"936,640",0.33,"382,537",1.01,"495,403",3.56,"340,819",3.35,"184,712",4.91
                    Capital outlay,"2,157,804",1.07,"25,109",13.22,"57,803",0,"20,412",4.06,"20,497",4.83,"140,568",10.34,"15,117",3.79,"16,204",1.49,"4,846",0,"2,848",0,"74,589",5.12,"92,872",2.33,"34,589",0,"19,527",0.11,"51,194",10.16,"8,262",7.54,"21,914",6.56,"20,180",22.08,"16,731",6.47,"14,844",0.19,"7,415",4.3,"314,722",0.08,"17,230",2.07,"17,300",13.92,"13,636",12.36,"8,893",19.32
     Governmental administration:,,,,,,,,,,,,,,,,,,,,,,,,,,,,,,,,,,,,,,,,,,,,,,,,,,,,
               Financial administration,"43,116,935",0.23,"586,779",1.64,"338,775",0.64,"553,316",0.57,"667,318",0.67,"5,203,616",1.35,"813,029",1.09,"624,681",0.29,"210,531",0,"262,970",0,"2,409,921",1.3,"947,772",1.26,"262,527",0,"292,348",0.41,"1,848,121",1.97,"521,838",0.65,"443,860",0.93,"346,314",1.54,"491,958",0.37,"792,505",1.03,"243,498",0.68,"1,028,211",0.31,"957,253",0.81,"1,090,568",0.73,"821,766",0.83,"512,050",0.9
               Judicial and legal,"44,330,807",0.22,"351,911",1.56,"261,625",0.26,"961,423",0.39,"201,835",0.92,"7,809,942",0.37,"793,648",0.53,"706,037",0.05,"193,520",0,"107,058",0,"2,408,991",0.22,"1,212,104",1.01,"289,815",0,"211,500",0.12,"1,642,325",0.57,"568,591",1.49,"360,586",0.91,"315,167",2.05,"608,193",0.15,"697,553",0.28,"96,789",0.24,"880,555",0.07,"1,135,194",0.08,"1,138,136",2.02,"707,681",0.59,"247,068",1.16
               General public buildings,"15,126,632",0.45,"109,501",3.67,"126,287",0.55,"197,975",2.57,"41,639",3.65,"796,122",0.59,"267,613",8.26,"133,796",1.26,"99,001",0,"195,481",0,"404,449",2.04,"415,781",6.25,"133,219",0,"104,370",0.35,"650,947",1.36,"116,255",2.5,"132,740",3.96,"124,508",3.53,"92,728",1.93,"199,464",0.5,"81,758",1.41,"362,769",0.56,"805,121",1.12,"241,982",3.07,"375,624",1.7,"96,751",1.96
               Other governmental administration,"32,185,208",0.63,"447,077",3.13,"336,325",0.78,"633,793",2.12,"227,749",2.65,"5,811,366",2.89,"798,371",2.48,"785,894",0.77,"123,427",0,"76,310",0,"1,153,963",2.24,"983,099",2.45,"149,351",0,"112,727",2.11,"1,610,436",3.31,"710,220",4.27,"208,001",1.83,"342,965",2.07,"455,094",1.23,"426,538",1.72,"139,315",2.67,"588,794",0.76,"423,647",0.63,"701,169",1.55,"563,505",1.86,"246,618",2.3
     Interest on general debt,"105,612,997",0.14,"1,031,439",0.97,"361,331",0.09,"1,304,958",0.94,"471,419",1.73,"16,671,528",0.65,"2,076,436",1.35,"1,799,399",0.11,"304,285",0,"521,577",0,"4,292,434",0.9,"1,443,250",2.02,"331,896",0,"237,056",0.74,"6,502,318",0.36,"2,065,313",0.42,"610,162",1.09,"775,779",0.51,"1,620,965",0.59,"1,529,311",0.13,"299,135",0.38,"2,052,955",0.14,"2,909,412",0.16,"2,991,453",0.42,"1,712,837",0.57,"436,844",1.04
"     General expenditure, n.e.c.:",,,,,,,,,,,,,,,,,,,,,,,,,,,,,,,,,,,,,,,,,,,,,,,,,,,,
               Miscellaneous commercial activities,"7,287,369",2.68,"19,780",24.08,"483,822",1.65,"3,358",25.22,"41,217",0.16,"4,120,992",4.67,"111,621",2.66,"4,601",1.5,"1,541",0,0,0,"1,030,802",0.15,"41,734",2.65,373,0,"40,815",1.31,"21,502",18.59,"17,790",4.63,"50,827",3.66,"14,781",9.01,"62,439",1.23,"62,614",0.82,"7,338",3.58,"16,559",0.55,"23,840",0.1,"106,156",1.64,"43,540",6.18,"5,463",6.37
               Other and unallocable,"130,125,361",0.31,"1,506,041",1.72,"2,191,093",0.35,"1,173,635",1.72,"418,521",1.27,"11,464,691",2.13,"2,092,218",3.38,"2,859,127",0.72,"209,208",0,"901,104",0,"6,003,935",1.76,"1,983,051",4.66,"1,265,532",0,"320,013",0.62,"9,185,161",0.86,"1,558,902",2.02,"1,265,676",1.82,"1,089,502",2.18,"972,140",0.84,"1,867,683",0.66,"644,943",1.58,"3,501,348",0.28,"6,415,912",0.82,"3,518,377",1.91,"1,665,879",1.74,"927,978",1.76
     Utility expenditure,"228,353,988",0.3,"3,079,279",4.77,"752,347",0.66,"5,768,073",0.57,"1,004,349",1.59,"41,697,322",1.16,"4,473,402",2.08,"1,396,843",1.4,"560,369",0,"2,834,769",0,"11,112,716",1.43,"6,239,872",1.84,"1,155,804",0,"250,921",2.31,"8,443,048",1.52,"2,707,087",2.47,"1,274,662",11.71,"1,549,869",0.87,"2,103,436",1.87,"1,552,086",0.99,"203,867",4.9,"2,559,573",0.3,"6,504,132",0.46,"3,376,893",1.14,"2,827,540",1.58,"963,493",3.86
               Capital outlay,"54,829,162",0.5,"343,083",8.05,"277,815",0.82,"1,382,727",0.8,"156,559",3.99,"11,878,162",0.99,"1,582,283",2.49,"325,474",1.47,"50,520",0,"872,619",0,"1,671,925",3.19,"1,104,174",1.48,"612,164",0,"64,455",5.15,"1,981,590",2.34,"515,375",1.41,"237,891",61.44,"234,506",2.66,"347,229",7.84,"390,828",2.12,"63,884",11.74,"692,361",0,"2,087,079",0.43,"664,525",2.79,"504,271",3.4,"157,305",7.06
          Water supply,"66,905,364",0.66,"896,380",4.2,"148,786",1.65,"1,264,292",1.8,"484,317",2.98,"15,073,016",2.07,"1,682,099",4.34,"364,258",2.45,"100,968",0,"320,815",0,"4,340,630",2.11,"2,271,399",1.76,"335,402",0,"145,255",3.02,"2,735,987",2.79,"696,164",2,"568,855",25.74,"604,936",2.01,"890,009",4.12,"583,461",1.66,"154,780",6.37,"1,218,275",0.61,"1,136,618",1.36,"1,599,267",1.85,"711,119",2.07,"364,712",3.89
          Electric power,"79,044,704",0.57,"1,730,403",8.04,"526,736",0.83,"3,615,680",0.64,"486,636",1.37,"11,746,317",2.75,"984,392",5.81,"368,302",2.91,"336,570",0,0,0,"4,838,680",2.67,"2,284,445",3.56,0,0,"75,689",4.35,"1,077,171",4.81,"1,138,099",5.72,"530,788",5.34,"848,706",0.65,"666,570",1.82,"627,333",1.66,"13,225",0.97,"73,226",2.33,"1,438,509",1.68,"1,172,703",1.79,"1,494,508",2.82,"434,649",7.07
          Gas supply,"7,457,162",1.36,"390,895",7.26,"29,099",0.03,"55,224",4.14,"3,247",11.08,"222,404",13.13,"208,267",0.47,"23,364",0.09,0,0,0,0,"218,141",4.74,"900,257",7.85,0,0,33,8.69,"70,159",18.9,"676,307",0.84,"62,222",5.62,"46,737",4.34,"357,271",2.09,"107,115",5.61,0,0,182,42.86,"51,393",0,0,0,"122,658",0.36,"141,304",10.05
          Transit,"74,946,758",0.28,"61,601",1.05,"47,726",0,"832,877",0.61,"30,149",2.72,"14,655,585",1.22,"1,598,644",0.44,"640,919",2.15,"122,831",0,"2,513,954",0,"1,715,265",0.57,"783,771",0.04,"820,402",0,"29,944",6.24,"4,559,731",1.94,"196,517",0.42,"112,797",2.44,"49,490",0.28,"189,586",0.1,"234,177",0.16,"35,862",4.48,"1,267,890",0.01,"3,877,612",0.23,"604,923",2.19,"499,255",0.82,"22,828",25.43
     Liquor store expenditure,"7,686,609",0.25,"285,733",0,"3,072",63.23,0,0,0,0,0,0,0,0,0,0,0,0,0,0,0,0,0,0,0,0,"112,560",0,0,0,0,0,"192,289",0,0,0,"5,204",0,0,0,0,0,"259,788",0,0,0,"824,929",0,"291,141",4.33,"256,248",0
     Insurance trust expenditure,"325,108,671",0.13,"3,680,308",0.04,"1,296,371",0,"4,484,180",0.02,"1,943,235",0.06,"59,820,206",0.19,"5,680,364",0.91,"5,154,891",2.05,"749,681",0.29,"482,504",0,"10,959,011",1.71,"7,230,936",1.59,"1,359,592",0,"1,047,543",0,"18,754,167",0.4,"3,033,789",0.13,"2,395,670",0,"1,972,065",0,"4,271,561",0.1,"4,657,696",0.24,"1,036,218",0,"5,624,437",2.88,"8,447,834",0.5,"9,526,618",0.64,"5,262,035",0.02,"2,526,839",0
          Unemployment compensation,"33,351,774",0,"223,151",0,"129,736",0,"314,073",0,"247,482",0,"5,675,924",0,"519,595",0,"746,856",0,"81,005",0,"132,726",0,"632,493",0,"463,325",0,"178,339",0,"112,387",0,"1,890,947",0,"377,759",0,"404,674",0,"290,349",0,"348,801",0,"183,662",0,"128,476",0,"628,053",0,"1,617,582",0,"874,143",0,"774,496",0,"123,114",0
          Employee retirement,"275,405,912",0.15,"3,457,157",0.04,"1,162,350",0,"4,170,107",0.02,"1,680,653",0.06,"47,245,778",0.24,"4,707,374",1.09,"4,379,624",2.42,"663,452",0.32,"349,778",0,"10,252,650",1.83,"6,704,934",1.71,"1,181,253",0,"798,011",0,"16,847,348",0.45,"2,649,599",0.15,"1,983,477",0,"1,677,139",0,"3,722,108",0.11,"4,259,040",0.26,"907,742",0,"4,761,736",3.4,"6,540,893",0.65,"8,640,008",0.71,"4,436,708",0.03,"2,403,725",0
          Workers' compensation,"9,786,034",0,0,0,"4,285",0,0,0,"15,100",0,"1,511,574",0,"442,038",0,"28,411",0,"5,224",0,0,0,"73,868",0,0,0,0,0,"137,145",0,"15,589",0,"6,431",0,"7,519",0,"4,577",0,"200,652",0,"97,269",0,0,0,"184,637",0,"53,196",0,"12,467",0,"50,831",0,0,0
          Other insurance trust,"6,564,951",0,0,0,0,0,0,0,0,0,"5,386,930",0,"11,357",0,0,0,0,0,0,0,0,0,"62,677",0,0,0,0,0,283,0,0,0,0,0,0,0,0,0,"117,725",0,0,0,"50,011",0,"236,163",0,0,0,0,0,0,0
            Debt outstanding,"2,988,463,220",0.17,"29,484,583",2.78,"9,237,957",0.08,"48,341,165",0.37,"15,614,229",1.38,"421,315,510",0.8,"55,871,578",1.64,"46,372,349",0.12,"7,625,280",0,"13,938,989",0,"139,994,455",0.88,"55,088,919",0.89,"14,796,605",0,"6,341,811",1.05,"147,788,893",0.43,"51,000,519",0.43,"18,593,876",1.16,"27,301,501",0.59,"38,891,074",0.86,"39,498,046",1.81,"7,921,464",0.71,"51,070,229",0.08,"90,576,701",0.17,"76,607,004",0.62,"51,364,942",0.62,"14,267,220",0.98
Short-term,"34,621,003",0.87,"305,769",3.3,"203,250",0,"235,640",0,"2,297",24.65,"807,706",0,"73,481",11.25,"655,037",0.81,0,0,"91,200",0,"76,113",0,"418,939",5.2,0,0,"12,751",0,"1,145,769",0,"427,570",0.55,"45,657",1.75,"426,497",1.17,"58,664",4.32,"21,669",0,"6,266",34.16,"881,911",0.07,"1,608,134",2.87,"1,404,381",0.25,"115,731",0,"81,254",0
Long-term,"2,953,842,217",0.17,"29,178,814",2.81,"9,034,707",0.08,"48,105,525",0.37,"15,611,932",1.38,"420,507,804",0.8,"55,798,097",1.64,"45,717,312",0.12,"7,625,280",0,"13,847,789",0,"139,918,342",0.88,"54,669,980",0.89,"14,796,605",0,"6,329,060",1.05,"146,643,124",0.43,"50,572,949",0.43,"18,548,219",1.16,"26,875,004",0.6,"38,832,410",0.86,"39,476,377",1.81,"7,915,198",0.71,"50,188,318",0.08,"88,968,567",0.17,"75,202,623",0.63,"51,249,211",0.62,"14,185,966",0.98
     Public debt for private purposes,"566,084,290",0.42,"1,227,208",1.82,"3,346,176",0,"9,329,410",0.94,"4,137,676",4.63,"42,489,406",2.7,"12,637,981",1.63,"12,502,655",0,"1,924,399",0,"928,432",0,"17,736,339",1.87,"6,604,531",4.57,"347,799",0,"2,673,577",0,"28,164,799",0.49,"14,904,430",0.28,"2,078,077",2.37,"8,365,467",0.76,"14,280,190",1.96,"14,120,805",0,"2,212,278",0,"12,391,931",0,"20,300,296",0,"15,755,070",1.35,"11,230,492",0.98,"1,556,638",4.68
Long-term debt issued,"362,593,783",0.26,"4,128,999",2.78,"1,250,472",0.16,"6,655,012",0.61,"2,516,473",0.22,"46,859,326",1.25,"6,053,391",3.57,"6,481,422",0.16,"786,221",0,"1,859,987",0,"10,527,793",2.76,"5,736,554",2.2,"2,562,583",0,"937,357",1.26,"14,068,779",1.34,"5,977,441",1.19,"2,307,472",1.21,"3,292,940",0.4,"3,262,382",4.94,"4,077,088",1.1,"880,433",0.44,"9,431,566",0.03,"8,913,992",0.57,"14,689,434",0.56,"6,210,638",1.45,"1,583,120",1.04
Long-term debt retired,"370,231,990",0.32,"5,507,497",1.74,"1,501,880",0.53,"7,225,842",0.42,"1,928,942",1.74,"50,964,565",1.73,"5,988,851",3.89,"4,304,106",0.3,"856,188",0,"1,051,581",0,"16,205,581",2.66,"6,804,332",1.74,"1,999,880",0,"753,417",0.64,"14,395,494",1.11,"4,624,874",0.54,"2,555,862",1.47,"2,130,332",1.07,"3,995,237",0.69,"4,338,648",1.07,"1,472,339",0.55,"7,555,685",0.04,"7,526,841",0.49,"13,560,801",0.57,"5,363,078",0.91,"1,723,737",1.62
            Cash and security holdings,"6,277,845,436",0.12,"57,110,489",0.29,"90,036,464",0.06,"87,240,774",0.26,"43,536,648",0.55,"1,064,296,799",0.39,"103,532,930",0.79,"61,801,535",1.57,"18,211,539",0.3,"15,554,117",0,"338,014,708",0.75,"141,349,861",0.62,"24,547,323",0,"27,131,373",0.47,"246,191,666",0.38,"80,499,620",0.34,"54,259,020",0.26,"39,553,107",1.16,"59,314,844",0.6,"88,108,238",0.32,"21,284,676",0.41,"100,312,603",1.99,"119,608,884",0.81,"147,080,324",0.79,"111,280,473",0.32,"40,032,949",0.24
Insurance trust funds,"3,824,118,971",0.12,"32,737,547",0.05,"10,399,027",0,"46,330,090",0.01,"26,871,168",0.03,"749,638,395",0.1,"56,912,109",1.02,"38,974,877",2.48,"10,206,622",0.54,"9,649,901",0,"181,536,563",1.18,"97,044,680",0.8,"14,215,978",0,"16,002,714",0,"154,260,336",0.47,"30,645,401",0.15,"33,233,655",0,"18,950,582",0,"31,773,917",0.05,"47,933,511",0.37,"13,443,845",0,"70,386,435",2.83,"68,103,206",1.42,"85,671,324",1.18,"64,908,079",0.04,"27,298,607",0
     Unemployment compensation,"66,375,083",0,"895,052",0,"831,482",0,"249,716",0,"691,166",0,"-5,647,367",0,"1,406,282",0,"169,198",0,"106,026",0,"362,809",0,"5,126,744",0,"1,744,050",0,"870,918",0,"901,574",0,"3,269,220",0,"-294,074",0,"1,841,204",0,"782,788",0,"-38,155",0,"1,907,040",0,"664,208",0,"2,005,262",0,"2,017,002",0,"5,148,552",0,"3,028,628",0,"1,171,622",0
     Employee retirement,"3,647,816,882",0.13,"31,842,495",0.05,"9,548,896",0,"46,080,374",0.01,"26,057,080",0.04,"727,984,391",0.1,"53,157,414",1.09,"38,771,064",2.49,"10,097,609",0.54,"9,287,092",0,"176,201,198",1.21,"95,291,724",0.81,"13,345,060",0,"14,452,536",0,"150,973,536",0.48,"30,935,396",0.15,"31,391,366",0,"18,158,722",0,"30,610,312",0.05,"45,716,701",0.39,"12,768,657",0,"66,234,979",3.01,"66,034,500",1.46,"80,486,569",1.26,"61,830,123",0.04,"26,126,985",0
     Workers' compensation,"100,665,438",0,0,0,"18,649",0,0,0,"122,922",0,"18,910,354",0,"2,244,672",0,"34,615",0,"2,987",0,0,0,"208,621",0,0,0,0,0,"648,604",0,"7,001",0,"4,079",0,"1,085",0,"9,072",0,"1,201,760",0,"46,343",0,"10,980",0,"1,928,235",0,"11,619",0,"36,203",0,"49,328",0,0,0
     Miscellaneous,"9,261,568",0,0,0,0,0,0,0,0,0,"8,391,017",0,"103,741",0,0,0,0,0,0,0,0,0,"8,906",0,0,0,0,0,"10,579",0,0,0,0,0,0,0,0,0,"263,427",0,0,0,"217,959",0,"40,085",0,0,0,0,0,0,0
Other than insurance trust funds,"2,453,726,465",0.23,"24,372,942",0.67,"79,637,437",0.07,"40,910,684",0.54,"16,665,480",1.43,"314,658,404",1.29,"46,620,821",1.25,"22,826,658",0.45,"8,004,917",0.01,"5,904,216",0,"156,478,145",0.87,"44,305,181",0.95,"10,331,345",0,"11,128,659",1.15,"91,931,330",0.65,"49,854,219",0.54,"21,025,365",0.67,"20,602,525",2.22,"27,540,927",1.29,"40,174,727",0.54,"7,840,831",1.13,"29,926,168",0.5,"51,505,678",0.21,"61,409,000",0.93,"46,372,394",0.76,"12,734,342",0.77
   By purpose:,,,,,,,,,,,,,,,,,,,,,,,,,,,,,,,,,,,,,,,,,,,,,,,,,,,,
          Offsets to debt,"759,415,050",0.32,"3,155,319",1.37,"3,795,057",0.31,"12,823,838",0.94,"5,234,015",3.92,"55,827,968",1.27,"15,178,196",2.26,"15,025,786",0.08,"2,152,645",0,"1,278,316",0,"24,734,864",2.69,"8,425,134",3.81,"987,435",0,"3,182,696",0.17,"35,430,818",0.39,"22,272,248",0.27,"5,991,113",1.24,"10,400,646",0.71,"15,340,122",1.92,"17,178,491",0.72,"3,605,273",0.44,"14,145,591",0,"27,562,716",0.03,"18,518,613",1.74,"18,504,796",0.92,"2,643,608",2.92
          Bond funds,"194,918,613",0.66,"2,081,642",3.92,"504,533",0,"3,300,585",0.67,"1,579,222",1.21,"30,008,178",3.92,"4,451,604",3.6,"927,672",0.32,"637,666",0,"472,674",0,"8,705,305",1.03,"6,195,731",0.36,"678,642",0,"796,862",3.61,"7,319,029",1.08,"1,669,568",4.89,"1,200,079",1.09,"1,794,879",1.96,"1,138,764",0.39,"3,517,480",0.12,"305,674",5.19,"1,621,856",0.07,"2,329,239",1.33,"6,105,148",0.65,"2,522,220",1.67,"551,744",2.46
          Other,"1,499,392,802",0.32,"19,135,981",0.7,"75,337,847",0.07,"24,786,261",0.75,"9,852,243",1.21,"228,822,258",1.67,"26,991,021",1.65,"6,873,200",1.49,"5,214,606",0.01,"4,153,226",0,"123,037,976",0.96,"29,684,316",0.91,"8,665,268",0,"7,149,101",1.75,"49,181,483",1.16,"25,912,403",0.96,"13,834,173",0.86,"8,407,000",5.35,"11,062,041",1.8,"19,478,756",0.9,"3,929,884",2.17,"14,158,721",1.07,"21,613,723",0.48,"36,785,239",1.29,"25,345,378",1.21,"9,538,990",0.61
