,Description,United States Total,Alabama,Alaska,Arizona,Arkansas,California,Colorado,Connecticut,Delaware,District of Columbia,Florida,Georgia,Hawaii,Idaho,Illinois,Indiana,Iowa,Kansas,Kentucky,Louisiana,Maine,Maryland,Massachusetts,Michigan,Minnesota,Mississippi,Missouri,Montana,Nebraska,Nevada,New Hampshire,New Jersey,New Mexico,New York,North Carolina,North Dakota,Ohio,Oklahoma,Oregon,Pennsylvania,Rhode Island,South Carolina,South Dakota,Tennessee,Texas,Utah,Vermont,Virginia,Washington,West Virginia,Wisconsin,Wyoming
5,            Revenue1,"3,930,294,228","50,066,950","14,337,278","67,210,824","31,483,952","620,118,795","61,721,774","49,727,963","11,730,824","15,287,418","192,340,583","91,854,345","20,396,275","15,544,415","148,572,523","64,077,185","38,586,828","31,796,695","45,194,713","52,335,426","14,588,032","72,888,771","95,517,809","109,348,440","73,712,930","32,776,963","61,209,581","11,562,538","24,564,227","31,389,454","14,066,235","117,032,862","25,717,507","380,339,033","103,408,081","10,605,051","139,098,480","37,190,415","58,072,220","149,696,347","13,334,895","52,323,824","9,058,141","72,139,294","274,897,668","31,839,711","8,157,583","88,983,532","100,409,437","19,523,366","64,092,428","10,364,607"
6,General revenue1,"3,119,576,768","40,154,020","11,672,751","52,654,278","25,775,172","457,787,844","51,613,110","41,247,337","9,943,168","13,291,351","156,247,317","73,607,783","17,298,474","12,224,552","119,048,375","56,800,924","31,720,078","26,472,709","37,458,316","42,170,100","12,211,030","62,751,093","77,464,567","89,252,324","58,864,471","26,649,627","47,546,589","9,249,339","17,736,718","23,685,420","11,587,941","100,632,790","20,779,542","297,213,130","84,881,458","9,005,786","106,616,751","29,871,297","43,574,010","125,399,585","11,236,879","42,282,296","6,900,396","46,250,639","220,917,944","26,168,505","7,058,760","73,672,248","76,958,683","16,295,242","50,945,949","8,728,100"
7,Intergovernmental revenue1,"711,477,275","11,084,429","3,520,324","16,010,428","8,149,988","101,132,784","9,863,632","8,096,420","2,441,182","3,977,542","30,018,541","16,487,941","3,098,783","2,775,254","23,193,311","15,190,325","6,145,860","4,399,993","12,177,070","13,046,649","3,069,529","14,041,279","17,249,437","22,749,941","11,798,289","8,555,928","11,974,847","3,277,190","3,457,807","5,451,777","2,433,417","18,087,468","7,408,476","67,366,749","20,550,842","1,928,587","26,005,867","7,653,289","10,738,770","32,141,480","2,908,759","9,897,744","1,665,257","12,002,463","45,874,167","5,027,563","2,043,794","11,742,579","15,690,055","5,212,558","9,939,148","2,721,763"
8,     From Federal Government,"711,477,275","11,084,429","3,520,324","16,010,428","8,149,988","101,132,784","9,863,632","8,096,420","2,441,182","3,977,542","30,018,541","16,487,941","3,098,783","2,775,254","23,193,311","15,190,325","6,145,860","4,399,993","12,177,070","13,046,649","3,069,529","14,041,279","17,249,437","22,749,941","11,798,289","8,555,928","11,974,847","3,277,190","3,457,807","5,451,777","2,433,417","18,087,468","7,408,476","67,366,749","20,550,842","1,928,587","26,005,867","7,653,289","10,738,770","32,141,480","2,908,759","9,897,744","1,665,257","12,002,463","45,874,167","5,027,563","2,043,794","11,742,579","15,690,055","5,212,558","9,939,148","2,721,763"
9,     From State government1,0,0,0,0,0,0,0,0,0,0,0,0,0,0,0,0,0,0,0,0,0,0,0,0,0,0,0,0,0,0,0,0,0,0,0,0,0,0,0,0,0,0,0,0,0,0,0,0,0,0,0,0
10,     From local governments1,0,0,0,0,0,0,0,0,0,0,0,0,0,0,0,0,0,0,0,0,0,0,0,0,0,0,0,0,0,0,0,0,0,0,0,0,0,0,0,0,0,0,0,0,0,0,0,0,0,0,0,0
11,General revenue from own sources,"2,408,099,493","29,069,591","8,152,427","36,643,850","17,625,184","356,655,060","41,749,478","33,150,917","7,501,986","9,313,809","126,228,776","57,119,842","14,199,691","9,449,298","95,855,064","41,610,599","25,574,218","22,072,716","25,281,246","29,123,451","9,141,501","48,709,814","60,215,130","66,502,383","47,066,182","18,093,699","35,571,742","5,972,149","14,278,911","18,233,643","9,154,524","82,545,322","13,371,066","229,846,381","64,330,616","7,077,199","80,610,884","22,218,008","32,835,240","93,258,105","8,328,120","32,384,552","5,235,139","34,248,176","175,043,777","21,140,942","5,014,966","61,929,669","61,268,628","11,082,684","41,006,801","6,006,337"
12,    Taxes,"1,657,108,583","16,410,186","3,050,845","26,032,182","12,027,970","247,695,114","27,423,529","27,628,032","4,678,293","7,666,286","77,640,200","39,203,764","9,457,286","6,350,908","73,640,182","26,360,716","15,700,136","13,484,798","17,347,302","19,994,446","7,052,156","37,692,886","45,061,498","42,330,296","34,399,976","10,930,392","23,337,095","4,177,710","9,790,380","13,416,671","6,687,676","63,027,752","8,172,651","177,906,136","40,674,663","4,913,077","53,974,599","13,616,479","19,598,045","66,535,005","5,932,950","17,555,476","3,649,764","22,118,438","117,945,680","12,594,593","3,748,643","40,514,766","39,655,332","7,190,347","28,316,734","2,798,542"
13,          Property,"524,566,149","2,837,663","1,568,451","7,726,306","2,207,248","63,330,156","8,647,341","10,780,704","883,287","2,540,862","27,729,333","12,154,729","1,759,711","1,727,785","28,610,183","6,640,521","5,131,799","4,465,226","3,697,180","4,214,254","2,825,493","9,644,835","16,713,976","14,093,127","8,901,852","3,032,207","6,299,965","1,670,721","3,703,524","3,006,643","4,458,618","29,330,737","1,657,718","56,852,063","9,976,902","1,153,080","15,340,386","2,880,990","6,161,841","19,483,518","2,597,429","5,911,475","1,354,214","5,477,031","52,995,587","3,184,821","1,611,890","13,951,450","11,117,568","1,715,530","9,562,647","1,245,572"
14,          Sales and gross receipts,"581,274,778","8,053,860","616,797","12,649,981","6,101,836","72,088,741","10,177,001","6,991,466","573,384","1,865,334","40,369,509","13,709,738","4,790,113","2,286,956","24,815,793","11,231,934","5,223,008","5,691,536","6,369,336","11,563,580","2,171,758","10,200,826","9,228,922","14,582,147","11,047,102","5,062,054","8,854,074","634,143","2,891,026","8,613,635","962,073","14,341,196","4,262,454","44,118,730","15,031,003","1,619,493","21,476,184","6,008,311","2,108,777","21,594,979","1,722,342","5,585,444","1,918,065","12,419,849","57,135,282","4,779,110","1,083,693","9,910,196","24,577,128","2,804,265","8,476,877","883,737"
15,               General sales,"393,759,274","5,057,545","233,759","10,363,019","4,561,341","53,207,859","7,455,680","4,236,619",0,"1,418,935","27,761,468","9,287,472","3,462,574","1,658,435","14,411,303","7,556,326","3,548,346","4,322,807","3,490,653","8,645,377","1,441,867","4,609,538","6,240,822","9,986,926","6,106,985","3,483,438","6,439,486",0,"2,234,400","5,486,444",0,"9,591,881","3,357,565","30,391,167","10,550,750","1,114,521","15,005,206","4,558,408",0,"11,430,195","996,390","3,899,548","1,434,331","9,055,308","40,385,667","3,379,360","389,549","5,430,650","18,407,905","1,383,034","5,610,211","678,204"
16,               Selective sales,"187,515,504","2,996,315","383,038","2,286,962","1,540,495","18,880,882","2,721,321","2,754,847","573,384","446,399","12,608,041","4,422,266","1,327,539","628,521","10,404,490","3,675,608","1,674,662","1,368,729","2,878,683","2,918,203","729,891","5,591,288","2,988,100","4,595,221","4,940,117","1,578,616","2,414,588","634,143","656,626","3,127,191","962,073","4,749,315","904,889","13,727,563","4,480,253","504,972","6,470,978","1,449,903","2,108,777","10,164,784","725,952","1,685,896","483,734","3,364,541","16,749,615","1,399,750","694,144","4,479,546","6,169,223","1,421,231","2,866,666","205,533"
17,                    Motor fuel,"46,531,254","683,090","45,944","856,495","487,526","4,842,749","653,790","484,479","129,487","26,098","3,540,230","1,741,092","168,243","353,548","1,513,090","854,536","674,603","458,008","701,440","634,883","252,870","1,078,313","769,442","1,118,262","912,644","452,692","720,849","231,065","354,234","592,236","152,086","532,878","242,627","1,647,240","1,922,400","189,718","1,985,084","473,960","555,604","3,143,576","90,990","583,476","189,179","915,858","3,585,179","500,948","81,020","1,051,806","1,812,646","383,905","1,044,996","114,140"
18,                    Alcoholic beverage,"7,269,100","267,380","45,994","74,126","61,897","370,714","44,866","63,155","20,577","6,641","323,393","340,596","51,167","9,535","365,207","49,404","22,535","137,801","146,227","79,632","19,266","32,151","85,397","159,378","94,193","41,818","37,863","35,558","30,911","45,011","12,678","137,784","8,919","283,504","469,339","8,872","125,307","118,260","18,796","426,048","20,873","177,967","17,088","407,779","1,228,641","50,002","26,102","224,426","354,939","26,302","61,203","1,878"
19,                    Tobacco products,"19,003,800","217,906","105,773","310,706","228,540","852,894","201,466","381,778","112,349","29,530","1,197,666","220,774","124,160","50,883","942,376","434,337","220,938","138,698","243,096","174,001","144,243","386,965","619,437","1,038,594","681,018","144,792","113,443","83,608","56,954","195,371","203,102","697,577","77,887","1,302,911","292,138","28,977","1,109,821","320,270","247,406","1,401,259","140,074","26,383","61,809","256,762","1,467,486","117,514","76,686","231,612","430,022","194,647","644,478","22,683"
20,                    Public utilities,"27,007,120","774,332","15,016","213,662","157,360","4,071,088","151,986","283,433","58,372","187,667","4,030,750","383,545","241,850","41,338","2,518,804","246,079","242,135","230,694","382,219","201,598","28,518","592,139",0,"86,123","135,110","62,758","379,600","43,468","119,565","285,187","56,007","1,046,295","86,199","1,678,906",259,"62,383","1,203,263","143,086","327,111","1,252,847","97,711","102,132","13,070","92,209","1,922,193","224,322","10,777","691,557","1,307,318","138,134","357,757","29,188"
21,                    Other selective sales,"87,704,230","1,053,607","170,311","831,973","605,172","8,743,437","1,669,213","1,542,002","252,599","196,463","3,516,002","1,736,259","742,119","173,217","5,065,013","2,091,252","514,451","403,528","1,405,701","1,828,089","284,994","3,501,720","1,513,824","2,192,864","3,117,152","876,556","1,162,833","240,444","94,962","2,009,386","538,200","2,334,781","489,257","8,815,002","1,796,117","215,022","2,047,503","394,327","959,860","3,941,054","376,304","795,938","202,588","1,691,933","8,546,116","506,964","499,559","2,280,145","2,264,298","678,243","758,232","37,644"
22,          Individual income,"384,689,168","3,751,172",0,"4,131,621","2,767,767","84,196,751","6,791,929","7,959,492","1,180,975","1,958,277",0,"10,977,693","2,095,601","1,660,248","13,256,769","6,566,828","3,758,601","2,328,898","5,845,085","2,949,939","1,534,866","14,402,977","14,724,277","9,949,167","10,956,205","1,798,856","6,559,185","1,180,344","2,228,486",0,"65,467","13,958,119","1,043,515","56,371,968","12,086,332","319,507","14,015,703","2,974,890","8,379,225","17,133,650","1,238,928","4,142,276",0,"249,977",0,"3,794,676","743,630","13,052,887",0,"1,813,866","7,792,543",0
23,          Corporate income,"52,805,140","520,113","87,775","374,941","396,989","10,112,520","528,543","897,247","252,752","554,245","2,383,783","971,898","184,840","216,641","2,877,499","1,025,498","432,020","386,966","639,254","291,321","175,239","1,001,934","2,196,474","1,195,399","1,227,028","407,913","382,873","124,821","264,440",0,"573,653","2,109,930","89,708","10,586,457","757,041","60,871","221,344","157,936","717,496","2,851,985","129,732","340,327","30,728","1,726,223",0,"326,592","111,186","826,961",0,"116,305","959,699",0
24,          Motor vehicle license,"28,157,945","239,816","65,477","218,511","158,446","4,317,538","615,339","235,105","57,982","38,935","1,374,140","364,255","380,497","196,917","1,769,356","339,993","657,374","253,768","222,542","86,882","109,912","501,360","438,855","1,236,380","802,839","158,099","304,208","165,339","200,385","213,455","102,438","667,056","214,013","1,582,156","921,064","120,119","930,145","732,063","553,183","928,512","26,788","259,488","112,043","473,276","2,587,655","205,613","76,924","666,230","669,356","4,344","507,862","93,912"
25,          Other taxes,"85,615,403","1,007,562","712,345","930,822","395,684","13,649,408","663,376","764,018","1,729,913","708,633","5,783,435","1,025,451","246,524","262,361","2,310,582","555,942","497,334","358,404","573,905","888,470","234,888","1,940,954","1,758,994","1,274,076","1,464,950","471,263","936,790","402,342","502,519","1,582,938","525,427","2,620,714","905,243","8,394,762","1,902,321","1,640,007","1,990,837","862,289","1,677,523","4,542,361","217,731","1,316,466","234,714","1,772,082","5,227,156","303,781","121,320","2,107,042","3,291,280","736,037","1,017,106","575,321"
26,     Charges and miscellaneous general revenue,"750,990,910","12,659,405","5,101,582","10,611,668","5,597,214","108,959,946","14,325,949","5,522,885","2,823,693","1,647,523","48,588,576","17,916,078","4,742,405","3,098,390","22,214,882","15,249,883","9,874,082","8,587,918","7,933,944","9,129,005","2,089,345","11,016,928","15,153,632","24,172,087","12,666,206","7,163,307","12,234,647","1,794,439","4,488,531","4,816,972","2,466,848","19,517,570","5,198,415","51,940,245","23,655,953","2,164,122","26,636,285","8,601,529","13,237,195","26,723,100","2,395,170","14,829,076","1,585,375","12,129,738","57,098,097","8,546,349","1,266,323","21,414,903","21,613,296","3,892,337","12,690,067","3,207,795"
27,          Current charges,"526,304,454","10,453,061","1,658,969","6,967,931","3,950,892","84,089,128","10,257,703","3,470,312","1,484,977","883,643","32,202,320","13,427,213","2,697,414","2,309,413","14,078,594","11,675,948","7,517,631","6,299,921","6,254,958","6,304,750","1,496,006","7,397,545","9,041,299","17,667,824","8,705,964","5,933,754","8,285,407","1,194,621","3,151,770","3,342,956","1,496,467","11,852,963","2,732,239","32,584,162","18,574,480","1,235,929","17,894,443","5,486,058","9,538,568","19,619,299","1,392,404","11,678,215","906,624","8,171,256","38,484,028","6,619,480","898,621","15,739,213","16,344,845","2,523,188","8,452,583","1,877,465"
28,               Education,"134,731,038","2,996,755","227,435","3,119,344","1,373,136","13,298,881","3,537,614","1,483,648","676,099","42,678","4,810,349","3,113,549","442,576","516,700","4,457,102","3,788,278","2,082,418","1,635,604","1,743,457","1,679,512","378,456","2,678,145","3,149,189","6,218,706","2,535,870","1,355,959","2,591,710","515,449","1,047,213","569,356","666,518","3,952,467","694,970","4,366,917","4,090,252","513,118","6,362,725","2,371,380","2,149,799","6,716,676","496,134","2,638,996","405,043","2,167,870","10,331,629","2,015,350","598,825","4,912,691","3,394,987","932,386","2,695,130","191,987"
29,                    Institutions  of higher education,"118,759,469","2,635,268","192,539","2,884,903","1,211,421","12,173,662","3,047,237","1,354,951","663,198","37,771","3,593,572","2,578,496","410,171","477,780","3,829,236","3,428,670","1,902,095","1,477,535","1,640,637","1,625,102","333,736","2,570,442","2,739,851","5,621,346","1,982,615","1,188,726","2,151,142","453,427","840,276","537,677","617,795","3,270,944","638,722","3,860,420","3,835,052","434,040","5,299,170","2,055,135","1,973,570","5,766,713","434,252","2,352,671","342,411","1,664,473","9,137,025","1,825,434","569,018","4,565,532","3,053,783","894,949","2,411,486","173,392"
30,                    School lunch sales (gross),"5,598,344","98,844","7,361","82,986","48,781","377,277","95,736","108,134","12,113",926,"201,264","163,300","23,671","23,130","203,089","187,907","112,916","82,246","57,102","26,076","28,946","95,922","192,481","158,802","189,706","42,092","130,225","18,422","67,586","21,384","35,643","246,724","21,446","242,473","158,409","33,067","235,235","67,519","38,974","272,433","18,074","67,425","32,021","84,958","610,703","60,141","14,876","216,205","105,258","11,939","151,310","15,086"
31,               Hospitals,"160,976,080","5,502,378","412,135","693,242","1,370,199","27,522,044","2,225,656","428,905","6,342","136,617","8,391,879","4,294,432","685,952","542,639","1,825,908","4,976,407","3,819,938","3,078,084","2,584,791","2,298,439","118,343","181,021","351,173","5,000,658","2,113,579","3,597,091","2,976,543","78,735","816,591","710,387","6,799","1,313,085","1,162,534","10,491,637","10,124,253","4,731","5,324,390","1,158,397","2,501,561","3,966,810","7,187","6,340,517","89,513","3,002,334","12,922,434","2,529,605",0,"5,111,683","4,774,612","291,805","1,860,088","1,251,997"
32,               Highways,"20,439,813","12,642","76,423","26,051","8,633","960,524","291,862","9,772","325,506",407,"2,120,520","66,056","4,634","46,576","1,322,227","9,089","8,176","131,071","62,623","30,271","152,687","762,276","1,013,838","144,084","214,111","6,829","30,358","25,951","34,372","8,649","152,940","2,166,713","13,665","4,530,282","57,544","22,591","335,154","272,837","96,924","1,332,867","44,130","136,086","10,875","2,367","2,165,296","11,208","2,932","335,793","557,309","107,359","172,786","5,937"
33,               Air transportation (airports),"24,413,256","121,591","192,599","488,679","77,640","3,933,049","953,253","26,951","6,921",0,"2,264,697","814,135","430,141","42,904","1,425,108","232,088","69,080","47,251","200,935","169,977","41,392","243,758","787,877","505,805","356,883","47,061","345,435","36,494","72,710","566,528","42,150","25,179","73,731","3,069,803","501,905","35,026","321,942","108,781","340,575","559,086","65,419","125,146","18,051","371,146","2,085,151","222,767","18,817","1,017,937","700,207","29,536","155,639","24,320"
34,               Parking facilities,"3,279,642","10,538","9,024","15,530","4,592","760,902","26,280","76,724","21,052","50,804","244,242","14,991","10,858",200,"57,654","12,323","25,525","6,105","28,068","13,470","11,384","136,869","51,601","77,264","95,285",917,"29,634","6,908","22,040","7,539","16,526","144,452","9,306","319,419","48,843","3,829","63,963","16,294","83,806","386,997","1,795","45,503","3,870","15,640","50,143","7,900","7,824","69,044","75,341","9,242","71,178",404
35,               Sea and inland port facilities,"5,766,120","125,872","80,954",0,"2,871","1,500,847",0,"1,347","37,303",0,"575,335","372,983","136,317","1,136","17,060","20,053",5,0,"20,748","198,034","4,325","50,634","121,541","3,286","14,245","47,748","2,837","1,860",0,0,0,"35,683",0,"316,523","41,320",0,"20,337","8,105","142,958","2,397","1,596","233,983",0,"3,003","503,528",0,0,"479,364","630,140",0,"9,842",0
36,               Natural resources,"5,477,546","6,399","26,728","117,790","27,484","2,270,889","65,485","33,283","1,468",0,"579,181","60,693","22,970","116,327","64,038","51,151","105,209","46,322","61,999","13,727","22,178","26,483","30,513","60,622","74,644","19,338","20,549","67,141","60,354","15,239","5,080","8,861","45,393","78,125","51,325","35,044","47,744","25,020","223,520","46,437","15,916","37,758","22,974","32,293","285,538","28,991","2,352","11,260","264,768","17,325","101,134","22,484"
37,               Parks and recreation,"11,513,306","166,372","24,762","154,142","69,651","1,590,634","414,898","103,041","19,756","33,020","799,867","301,091","47,405","53,058","1,136,858","177,711","113,930","90,750","129,823","236,714","37,337","184,894","158,571","205,238","348,589","38,147","169,096","22,860","42,325","165,508","61,784","221,623","34,329","732,004","230,258","101,329","364,397","125,106","288,108","254,916","48,394","169,334","31,760","134,123","582,888","169,205","23,936","259,793","289,151","72,640","255,461","26,719"
38,               Housing and community development,"7,191,799","114,892","49,561","29,373","32,164","883,178","210,203","137,101","13,537","60,624","265,286","138,558","34,130","39,671","228,252","48,141","26,601","47,130","40,105","59,833","41,791","188,078","356,064","63,613","314,086","41,440","61,023","12,508","44,507","33,020","43,487","188,937","18,020","1,240,058","175,842","13,517","192,365","58,434","79,024","287,645","52,622","53,066","10,158","103,163","288,081","29,944","18,345","166,938","420,271","26,089","95,349","15,974"
39,               Sewerage,"58,889,376","571,255","108,622","921,480","333,670","8,420,116","1,040,989","475,677","156,578","366,485","3,590,840","1,932,360","527,897","259,523","1,438,821","1,797,829","589,349","476,725","669,382","481,425","193,750","1,342,471","1,746,633","2,273,144","1,068,194","298,063","1,099,896","129,085","305,589","502,067","155,372","1,730,507","205,001","2,968,128","1,502,526","71,593","2,452,608","463,975","1,193,757","2,826,439","234,351","745,367","107,388","946,379","3,918,511","467,837","79,661","1,718,746","2,610,691","301,666","992,830","78,128"
40,               Solid waste management,"18,198,785","247,302","87,923","478,735","182,924","3,196,954","127,880","157,581","82,873","4,872","2,341,396","631,122","181,199","172,699","336,940","157,672","282,109","165,686","137,172","223,186","51,569","440,206","139,009","246,660","322,491","163,647","126,776","73,829","56,450","23,486","40,412","414,148","224,830","582,138","557,348","76,723","359,683","297,100","159,836","624,395","27,151","225,178","58,358","250,081","1,502,066","207,315","28,108","489,455","827,313","62,599","259,931","84,269"
41,               Other charges,"75,427,693","577,065","362,803","923,565","467,928","19,751,110","1,363,583","536,282","137,542","188,136","6,218,728","1,687,243","173,335","517,980","1,768,626","405,206","395,291","575,193","575,855","900,162","442,794","1,162,710","1,135,290","2,868,744","1,247,987","317,514","831,550","223,801","649,619","741,177","305,399","1,651,308","250,460","3,889,128","1,193,064","358,428","2,049,135","580,629","2,278,700","2,614,634","397,709","927,281","148,634","1,142,857","3,848,763","929,358","117,821","1,166,509","1,800,055","672,541","1,783,215","175,246"
42,          Miscellaneous general revenue,"224,686,456","2,206,344","3,442,613","3,643,737","1,646,322","24,870,818","4,068,246","2,052,573","1,338,716","763,880","16,386,256","4,488,865","2,044,991","788,977","8,136,288","3,573,935","2,356,451","2,287,997","1,678,986","2,824,255","593,339","3,619,383","6,112,333","6,504,263","3,960,242","1,229,553","3,949,240","599,818","1,336,761","1,474,016","970,381","7,664,607","2,466,176","19,356,083","5,081,473","928,193","8,741,842","3,115,471","3,698,627","7,103,801","1,002,766","3,150,861","678,751","3,958,482","18,614,069","1,926,869","367,702","5,675,690","5,268,451","1,369,149","4,237,484","1,330,330"
43,               Interest earnings,"47,866,446","317,452","1,037,212","1,055,610","274,305","5,040,475","982,117","697,740","110,981","69,419","1,750,841","538,800","167,831","162,867","2,041,060","1,043,550","303,308","492,326","393,390","637,059","168,478","604,107","1,209,214","1,347,720","803,051","162,243","967,852","190,431","266,107","263,183","380,067","1,316,711","791,505","4,859,847","855,567","401,003","1,693,465","442,749","658,927","1,711,905","354,756","526,090","245,135","1,054,397","4,645,041","490,820","110,516","1,111,684","1,111,177","358,774","909,562","738,019"
44,               Special assessments,"9,863,768","22,244","5,892","53,347","27,205","2,489,708","327,529","29,975","26,327","2,155","2,839,364","78,627","40,706","29,569","518,532","19,479","26,838","126,761","12,888","11,485","7,258","86,892","9,535","186,106","349,266","7,760","101,822","75,460","31,825","115,519","2,133","6,289","14,962","139,417","20,530","133,063","323,466","24,335","93,905","109,457","4,881","56,530","17,226","157,405","442,593","51,461","3,517","56,544","449,426","15,746","70,369","10,439"
45,               Sale of property,"4,309,653","79,469","404,849","257,619","15,696","611,634","84,703","16,037","10,339","1,145","268,386","118,936","6,039","95,055","13,269","67,634","49,281","48,692","64,214","17,382","7,421","17,493","17,328","93,742","37,120","42,422","63,118","12,086","20,394","106,463","7,640","118,724","11,152","131,129","100,382","11,328","77,038","36,833","49,798","130,424","1,375","95,418","12,510","63,535","285,417","88,883","15,124","49,037","236,979","11,427","72,926","54,608"
46,               Other general revenue,"162,646,589","1,787,179","1,994,660","2,277,161","1,329,116","16,729,001","2,673,897","1,308,821","1,191,069","691,161","11,527,665","3,752,502","1,830,415","501,486","5,563,427","2,443,272","1,977,024","1,620,218","1,208,494","2,158,329","410,182","2,910,891","4,876,256","4,876,695","2,770,805","1,017,128","2,816,448","321,841","1,018,435","988,851","580,541","6,222,883","1,648,557","14,225,690","4,104,994","382,799","6,647,873","2,611,554","2,895,997","5,152,015","641,754","2,472,823","403,880","2,683,145","13,241,018","1,295,705","238,545","4,458,425","3,470,869","983,202","3,184,627","527,264"
47,Utility revenue,"168,931,368","3,148,188","417,680","5,039,383","1,003,233","30,039,345","3,037,609","806,979","485,832","957,342","9,556,677","4,680,097","431,177","235,489","5,295,150","2,779,987","1,194,620","1,553,822","1,820,969","1,195,751","156,608","1,137,202","3,918,842","3,281,226","2,431,463","817,800","2,583,567","153,550","4,333,569","1,295,040","136,882","2,188,911","624,728","15,713,429","4,383,180","245,929","3,145,746","2,014,920","1,675,409","2,975,460","243,605","3,904,458","348,623","8,980,180","14,516,414","2,037,895","254,797","2,056,268","7,044,067","280,819","2,125,944","245,507"
48,     Water supply,"65,622,088","974,401","113,190","1,532,069","511,014","14,322,318","1,723,087","353,924","91,294","168,529","4,403,255","1,942,340","372,626","155,019","2,979,490","952,255","576,148","687,176","798,644","505,977","129,203","868,961","1,561,986","1,732,794","674,976","291,656","839,824","150,217","284,823","1,095,532","119,481","903,598","375,253","2,785,264","1,509,221","218,766","1,891,619","860,053","814,984","1,525,653","212,271","949,095","134,824","1,221,364","6,724,178","659,245","85,164","1,284,951","1,454,994","252,890","695,909","150,583"
49,     Electric power,"80,453,831","1,788,262","298,003","3,329,630","485,843","13,105,100","1,004,469","381,748","371,996",0,"4,591,385","1,855,537",0,"77,078","1,213,415","1,467,243","532,234","827,404","701,378","574,026","13,574","79,883","1,406,620","1,469,168","1,540,449","428,318","1,549,171","1,246","3,741,513","114,122","12,319","177,265","182,021","6,117,942","2,659,817","23,714","1,072,522","1,112,946","719,367","193,054","7,909","2,698,918","203,002","6,653,547","7,276,525","1,308,579","164,489","439,043","5,017,193","14,759","1,355,901","94,184"
50,     Gas supply,"5,981,292","380,296",0,"43,272","2,879","301,286","147,942","16,636",0,0,"233,014","704,170",0,0,"83,245","317,572","58,556","33,813","294,364","83,230",0,"5,108","49,390",0,"87,567","95,967","117,023",0,"300,055",0,0,0,"51,879","8,864","138,884",213,"50,086","31,764",627,"597,153",0,"235,089","10,733","1,061,101","238,370","11,597",0,"181,748","6,378",225,"1,196",0
51,     Transit,"16,874,157","5,229","6,487","134,412","3,497","2,310,641","162,111","54,671","22,542","788,813","329,023","178,050","58,551","3,392","1,019,000","42,917","27,682","5,429","26,583","32,518","13,831","183,250","900,846","79,264","128,471","1,859","77,549","2,087","7,178","85,386","5,082","1,108,048","15,575","6,801,359","75,258","3,236","131,519","10,157","140,431","659,600","23,425","21,356",64,"44,168","277,341","58,474","5,144","150,526","565,502","12,945","72,938",740
52,Liquor store revenue,"9,794,954","335,417","9,880",0,0,0,0,0,0,0,0,0,0,"164,153",0,0,"306,174",0,0,0,"178,990","298,493",0,"1,082,256","299,672","349,534",0,"96,514",0,0,"686,141",0,0,0,"831,550",0,"1,102,485",0,"595,077","2,012,789",0,0,"17,851",0,0,"380,544","64,126","779,038",0,"93,039",0,"111,231"
53,Insurance trust revenue2,"631,991,138","6,429,325","2,236,967","9,517,163","4,705,547","132,291,606","7,071,055","7,673,647","1,301,824","1,038,725","26,536,589","13,566,465","2,666,624","2,920,221","24,228,998","4,496,274","5,365,956","3,770,164","5,915,428","8,969,575","2,041,404","8,701,983","14,134,400","15,732,634","12,117,324","4,960,002","11,079,425","2,063,135","2,493,940","6,408,994","1,655,271","14,211,161","4,313,237","67,412,474","13,311,893","1,353,336","28,233,498","5,304,198","12,227,724","19,308,513","1,854,411","6,137,070","1,791,271","16,908,475","39,463,310","3,252,767","779,900","12,475,978","16,406,687","2,854,266","11,020,535","1,279,769"
54,     Unemployment compensation,"40,546,814","232,044","165,568","504,468","261,312","6,082,473","694,052","806,210","115,304","176,957","865,033","752,629","173,609","164,990","2,174,192","576,597","512,212","269,441","526,712","237,625","130,001","606,014","1,495,705","1,372,847","629,244","139,999","510,802","103,993","95,990","614,288","77,109","2,426,328","260,832","3,007,589","1,090,624","168,360","1,237,566","253,680","1,041,423","3,153,660","261,398","391,461","42,543","322,860","2,581,939","223,759","151,097","544,548","1,247,657","196,779","805,218","70,073"
55,     Employee retirement,"567,052,646","6,197,281","2,066,214","9,012,695","4,424,860","117,135,791","5,710,431","6,830,891","1,177,606","861,768","25,517,066","12,706,642","2,493,015","2,536,777","22,003,477","3,913,160","4,853,744","3,500,723","5,157,019","8,503,308","1,900,442","7,972,141","12,148,704","14,344,483","11,409,014","4,814,740","10,466,768","1,735,627","2,397,888","5,794,706","1,578,162","11,045,760","4,021,992","61,274,634","12,221,269","941,025","24,688,666","5,050,518","10,483,861","15,912,883","1,377,612","5,663,824","1,748,715","16,585,615","35,656,247","3,010,714","628,803","11,928,487","12,093,645","2,486,733","10,206,277","860,223"
56,     Workers' compensation,"16,223,102",0,"5,185",0,"19,375","2,338,613","664,634","36,546","8,914",0,"154,490",0,0,"218,454","51,281","6,517",0,0,"231,697","73,424","10,961","27,609","90,971","15,304","79,066","5,263","101,855","223,515",62,0,0,"260,605","30,413","3,130,251",0,"243,951","2,307,266",0,"702,440","241,970","19,659","81,785",13,0,"1,225,124","18,294",0,"2,943","3,065,385","170,754","9,040","349,473"
57,     Other insurance trust revenue,"8,168,576",0,0,0,0,"6,734,729","1,938",0,0,0,0,"107,194",0,0,48,0,0,0,0,"155,218",0,"96,219","399,020",0,0,0,0,0,0,0,0,"478,468",0,0,0,0,0,0,0,0,"195,742",0,0,0,0,0,0,0,0,0,0,0
58,           Expenditure1,"3,675,275,393","47,236,677","14,957,472","60,140,105","27,702,361","569,661,386","60,879,274","41,020,146","12,100,844","18,803,720","177,068,304","85,760,733","16,827,834","13,210,484","146,491,172","59,616,849","35,013,182","30,486,370","45,273,336","49,306,963","12,971,988","69,963,812","92,931,885","99,635,503","68,286,562","30,205,417","55,394,963","10,996,274","23,329,323","26,167,326","12,638,642","115,124,314","24,718,782","348,348,392","92,254,587","11,079,552","129,841,910","34,910,380","52,979,524","151,354,208","12,869,273","49,964,966","8,014,603","62,108,835","263,193,775","30,215,790","7,959,781","83,464,705","91,811,317","18,144,791","62,479,396","10,357,605"
59,By character and object:,,,,,,,,,,,,,,,,,,,,,,,,,,,,,,,,,,,,,,,,,,,,,,,,,,,,
60,     Intergovernmental expenditure1,"3,206,650",0,0,0,175,"2,886,443","2,016",0,"1,026",0,0,0,382,0,"5,763","2,125",0,62,0,0,0,0,"12,328","5,368",348,0,"30,909",0,0,"1,721",0,"16,500",0,0,0,0,"17,002","57,572",0,"125,138","18,735",0,0,0,0,4,0,14,0,0,0,"23,019"
61,     Direct expenditure,"3,672,068,743","47,236,677","14,957,472","60,140,105","27,702,186","566,774,943","60,877,258","41,020,146","12,099,818","18,803,720","177,068,304","85,760,733","16,827,452","13,210,484","146,485,409","59,614,724","35,013,182","30,486,308","45,273,336","49,306,963","12,971,988","69,963,812","92,919,557","99,630,135","68,286,214","30,205,417","55,364,054","10,996,274","23,329,323","26,165,605","12,638,642","115,107,814","24,718,782","348,348,392","92,254,587","11,079,552","129,824,908","34,852,808","52,979,524","151,229,070","12,850,538","49,964,966","8,014,603","62,108,835","263,193,775","30,215,786","7,959,781","83,464,691","91,811,317","18,144,791","62,479,396","10,334,586"
62,          Current operations,"2,771,854,723","37,115,042","10,830,984","45,781,051","21,879,026","425,128,722","43,951,755","28,916,343","9,431,602","12,463,075","138,689,290","65,267,003","12,491,937","10,509,281","101,369,511","47,663,697","26,514,145","23,384,162","33,860,783","37,417,958","10,589,467","54,729,511","70,787,240","78,199,733","51,286,853","24,030,312","43,002,260","8,509,134","18,177,561","19,065,456","10,309,682","88,389,207","19,312,895","257,828,422","72,958,730","7,564,106","96,108,922","26,091,034","40,830,426","115,163,832","9,758,821","38,365,059","5,984,629","47,666,500","193,049,273","22,968,719","6,658,293","64,594,719","67,832,841","14,419,802","47,004,430","7,951,487"
63,          Capital outlay,"365,557,941","4,411,167","2,215,875","5,181,666","2,779,260","45,132,247","7,667,322","3,971,639","1,240,483","4,290,121","19,778,532","9,367,146","2,328,270","1,145,037","14,845,145","5,650,395","4,611,080","3,917,571","4,216,754","4,803,775","898,697","5,838,962","8,674,299","6,997,274","8,141,258","2,445,569","4,507,488","1,132,926","3,316,123","2,986,450","846,194","8,240,293","2,105,769","33,160,521","9,084,500","2,434,116","11,299,338","4,687,980","4,649,839","13,411,982","786,580","5,356,554","1,083,912","5,401,410","35,296,209","3,997,570","575,290","9,104,146","11,682,007","1,449,544","6,988,788","1,422,868"
64,               Construction,"293,993,038","3,417,095","1,952,808","4,260,023","2,297,446","36,433,577","6,191,188","3,421,958","1,053,439","2,671,867","15,433,616","7,780,825","1,613,767","813,020","11,693,823","4,031,392","3,857,570","3,289,523","3,394,729","3,775,709","756,664","5,062,634","6,253,534","5,069,018","6,023,146","1,932,544","3,452,456","968,228","2,597,427","2,338,458","657,931","6,891,207","1,735,478","28,703,597","7,010,231","2,123,951","9,411,247","3,562,058","4,002,613","10,650,455","638,692","4,297,567","947,191","3,909,229","29,868,985","2,882,701","462,704","7,398,661","8,907,032","1,147,745","5,773,866","1,172,413"
65,               Other capital outlay,"71,564,903","994,072","263,067","921,643","481,814","8,698,670","1,476,134","549,681","187,044","1,618,254","4,344,916","1,586,321","714,503","332,017","3,151,322","1,619,003","753,510","628,048","822,025","1,028,066","142,033","776,328","2,420,765","1,928,256","2,118,112","513,025","1,055,032","164,698","718,696","647,992","188,263","1,349,086","370,291","4,456,924","2,074,269","310,165","1,888,091","1,125,922","647,226","2,761,527","147,888","1,058,987","136,721","1,492,181","5,427,224","1,114,869","112,586","1,705,485","2,774,975","301,799","1,214,922","250,455"
66,          Assistance and subsidies,"60,213,554","863,787","158,727","2,503,584","459,974","11,730,775","906,697","499,488","337,898","862,994","1,861,192","1,256,042","143,013","159,954","1,655,114","1,383,921","614,732","211,535","1,101,626","636,214","177,222","1,596,700","1,022,829","1,450,168","1,354,888","399,073","637,600","87,961","174,890","494,757","225,240","1,521,263","275,787","4,535,910","1,886,504","120,046","1,769,076","605,412","492,836","2,973,757","168,850","1,207,432","149,160","1,283,475","3,462,478","828,978","161,116","1,231,786","1,225,792","318,476","976,564","50,261"
67,          Interest on debt,"122,520,126","1,132,827","346,164","1,891,133","553,150","20,137,293","2,325,712","1,982,811","303,214","618,240","4,783,992","2,346,409","375,286","241,864","7,431,916","1,932,098","639,331","946,008","1,452,949","1,476,731","278,489","1,926,634","3,468,521","3,133,120","1,795,707","584,466","1,706,235","186,280","541,469","1,012,717","445,680","3,377,541","632,667","17,016,443","2,105,130","261,477","3,156,562","691,344","1,290,560","4,452,361","555,392","1,333,728","194,337","1,880,837","10,860,051","714,517","144,464","2,425,530","3,579,956","326,663","1,452,059","72,061"
68,          Insurance benefits and repayments,"351,922,399","3,713,854","1,405,722","4,782,671","2,030,776","64,645,906","6,025,772","5,649,865","786,621","569,290","11,955,298","7,524,133","1,488,946","1,154,348","21,183,723","2,984,613","2,633,894","2,027,032","4,641,224","4,972,285","1,028,113","5,872,005","8,966,668","9,849,840","5,707,508","2,745,997","5,510,471","1,079,973","1,119,280","2,606,225","811,846","13,579,510","2,391,664","35,807,096","6,219,723","699,807","17,491,010","2,777,038","5,715,863","15,227,138","1,580,895","3,702,193","602,565","5,876,613","20,525,764","1,706,002","420,618","6,108,510","7,490,721","1,630,306","6,057,555","837,909"
69,          Exhibit: Salaries and wages,"969,069,544","13,488,703","3,519,744","15,175,168","7,307,396","146,980,180","17,091,181","12,953,776","2,933,444","4,388,687","44,990,929","24,937,010","4,477,381","4,085,677","38,630,560","15,341,989","10,374,951","9,415,283","11,022,958","11,774,819","3,352,387","19,837,064","22,728,473","25,286,492","17,657,840","8,025,732","14,701,588","2,887,602","6,467,671","7,114,809","3,766,429","34,028,897","5,953,920","86,254,325","28,012,163","2,564,698","31,423,782","9,280,416","12,548,071","33,553,629","3,253,796","12,852,591","2,193,392","15,188,972","77,298,399","7,941,373","2,110,870","24,779,329","26,143,017","4,365,650","15,870,254","2,736,076"
70,Direct expenditure by function,"3,672,068,743","47,236,677","14,957,472","60,140,105","27,702,186","566,774,943","60,877,258","41,020,146","12,099,818","18,803,720","177,068,304","85,760,733","16,827,452","13,210,484","146,485,409","59,614,724","35,013,182","30,486,308","45,273,336","49,306,963","12,971,988","69,963,812","92,919,557","99,630,135","68,286,214","30,205,417","55,364,054","10,996,274","23,329,323","26,165,605","12,638,642","115,107,814","24,718,782","348,348,392","92,254,587","11,079,552","129,824,908","34,852,808","52,979,524","151,229,070","12,850,538","49,964,966","8,014,603","62,108,835","263,193,775","30,215,786","7,959,781","83,464,691","91,811,317","18,144,791","62,479,396","10,334,586"
71,     Direct general expenditure,"3,079,336,537","40,019,566","12,745,147","49,873,317","24,683,580","458,535,755","50,334,332","33,946,302","10,772,289","13,531,971","154,124,912","72,107,075","14,038,463","11,664,936","116,726,197","54,064,931","30,873,916","26,858,867","38,583,191","42,974,993","11,645,699","60,284,216","77,684,045","85,051,627","58,986,954","26,315,950","47,085,176","9,506,051","17,838,953","22,037,985","11,118,800","97,572,561","21,470,436","281,777,747","80,444,151","9,920,612","107,533,952","29,583,927","44,380,952","129,169,486","10,910,235","42,757,773","7,043,909","47,014,907","225,415,090","26,029,822","7,190,570","73,348,465","74,583,360","16,044,159","54,056,796","9,072,431"
72,          Capital outlay,"312,060,031","3,968,575","1,934,725","3,931,637","2,613,634","34,758,719","6,188,751","3,682,904","1,193,759","1,555,728","17,949,968","8,394,363","1,606,068","1,074,649","12,901,680","5,398,580","4,381,608","3,590,285","3,903,582","4,625,108","866,918","4,822,884","7,005,026","6,367,335","7,513,545","2,308,461","4,164,446","941,675","2,470,856","2,616,647","821,958","7,387,099","1,884,819","25,622,081","8,113,775","2,250,357","10,523,083","3,829,154","4,003,110","12,318,093","692,486","4,902,826","1,032,206","4,353,874","31,145,235","3,669,656","537,613","7,941,959","8,785,355","1,336,502","6,879,794","1,296,880"
73,          Other direct general expenditure,"2,767,276,506","36,050,991","10,810,422","45,941,680","22,069,946","423,777,036","44,145,581","30,263,398","9,578,530","11,976,243","136,174,944","63,712,712","12,432,395","10,590,287","103,824,517","48,666,351","26,492,308","23,268,582","34,679,609","38,349,885","10,778,781","55,461,332","70,679,019","78,684,292","51,473,409","24,007,489","42,920,730","8,564,376","15,368,097","19,421,338","10,296,842","90,185,462","19,585,617","256,155,666","72,330,376","7,670,255","97,010,869","25,754,773","40,377,842","116,851,393","10,217,749","37,854,947","6,011,703","42,661,033","194,269,855","22,360,166","6,652,957","65,406,506","65,798,005","14,707,657","47,177,002","7,775,551"
74,     Education services:,,,,,,,,,,,,,,,,,,,,,,,,,,,,,,,,,,,,,,,,,,,,,,,,,,,,
75,               Education,"1,015,891,954","14,017,829","3,278,975","16,603,856","8,309,697","133,834,566","17,399,590","13,481,273","4,020,096","2,906,833","42,777,405","28,063,419","3,409,534","3,560,860","37,714,622","18,028,397","10,907,199","9,819,797","12,861,843","12,350,810","3,548,725","20,822,628","23,183,200","30,736,448","19,717,469","8,252,731","15,283,672","2,945,766","7,318,806","6,676,546","4,159,980","38,818,020","6,876,786","85,160,649","27,117,952","2,976,883","35,725,995","10,474,005","13,631,379","43,189,434","3,453,672","15,065,229","2,393,944","14,527,304","89,472,546","9,954,407","2,759,247","26,755,829","24,596,442","5,389,873","18,495,141","3,064,645"
76,                    Capital outlay,"98,467,552","1,259,290","325,340","1,235,219","740,483","11,209,344","2,051,768","1,057,663","344,238","421,748","3,047,166","2,824,212","374,577","160,496","2,475,590","2,014,179","1,237,123","1,504,238","1,364,506","1,016,403","198,032","1,960,652","2,218,160","3,011,711","2,579,131","747,857","1,167,638","278,683","953,167","627,265","266,827","2,993,488","948,016","6,938,683","2,146,273","394,076","3,321,345","1,214,110","1,492,225","3,522,854","95,569","1,788,145","247,328","1,164,694","13,737,922","1,335,631","164,658","2,495,118","3,329,240","392,854","1,531,876","540,741"
77,                 Higher education,"296,636,897","5,111,951","847,085","6,051,870","2,634,939","41,476,361","6,441,729","3,399,896","1,488,617","124,602","11,010,118","6,013,401","1,206,613","1,126,817","9,188,689","6,427,255","3,707,707","3,491,121","4,479,553","3,478,033","782,344","6,276,297","5,542,088","11,861,290","5,693,338","3,020,360","3,979,121","972,056","2,364,593","1,498,413","940,165","7,440,103","2,744,488","14,179,812","10,230,742","1,045,649","9,873,366","4,102,728","4,776,669","11,359,719","692,395","4,448,063","748,879","3,751,844","30,528,242","4,572,609","892,984","8,198,970","7,464,391","1,769,466","6,268,384","910,972"
78,                    Capital outlay,"34,227,903","615,008","154,782","660,215","221,281","3,808,862","875,736","548,966","207,595",0,"748,168","806,437","175,863","47,443","573,054","755,409","429,655","646,608","607,997","336,301","49,685","704,205","964,904","1,685,216","437,337","367,421","368,602","96,091","264,076","164,353","110,063","1,208,576","388,759","1,654,140","814,589","106,693","1,385,552","578,413","664,776","1,562,125","9,175","556,227","81,214","371,943","3,905,085","505,669","108,224","940,122","984,302","186,671","594,602","189,713"
79,                 Elementary & secondary,"662,913,351","7,856,065","2,346,857","8,251,016","5,132,406","85,975,639","9,949,680","9,358,047","2,052,117","2,782,231","28,340,387","19,868,901","2,068,682","2,204,638","26,596,977","10,427,722","6,682,248","6,026,134","7,321,821","8,078,409","2,560,533","13,712,977","16,260,988","17,433,881","13,004,611","4,621,112","10,389,513","1,867,828","4,701,734","4,631,761","2,971,769","27,266,218","3,708,851","68,901,213","15,043,767","1,807,396","24,335,571","5,753,205","7,581,818","29,432,956","2,512,912","9,018,343","1,513,203","9,788,360","56,489,114","5,108,641","1,650,954","17,415,398","15,748,757","3,100,226","11,350,610","1,909,154"
80,                    Capital outlay,"63,817,182","636,268","170,054","573,743","519,022","7,398,733","1,170,166","453,033","131,456","421,748","2,294,843","1,948,645","198,214","111,196","1,885,789","1,257,113","806,871","856,037","755,997","673,553","148,095","1,254,303","1,239,625","1,326,214","2,141,306","378,671","797,094","182,389","688,877","462,661","144,110","1,783,751","549,663","5,284,102","1,329,760","286,683","1,926,650","632,605","827,255","1,881,911","82,388","1,180,866","151,014","777,128","9,832,221","829,962","55,639","1,552,763","2,339,970","200,203","935,827","350,995"
81,                 Other education,"56,341,706","1,049,813","85,033","2,300,970","542,352","6,382,566","1,008,181","723,330","479,362",0,"3,426,900","2,181,117","134,239","229,405","1,928,956","1,173,420","517,244","302,542","1,060,469","794,368","205,848","833,354","1,380,124","1,441,277","1,019,520","611,259","915,038","105,882","252,479","546,372","248,046","4,111,699","423,447","2,079,624","1,843,443","123,838","1,517,058","618,072","1,272,892","2,396,759","248,365","1,598,823","131,862","987,100","2,455,190","273,157","215,309","1,141,461","1,383,294","520,181","876,147","244,519"
82,               Libraries,"12,441,612","94,396","37,943","185,233","103,403","1,587,263","316,484","166,040","55,848","93,064","573,332","189,857","36,628","63,482","812,205","356,290","141,345","134,485","192,018","191,323","43,104","188,561","311,950","400,766","273,458","61,323","279,261","29,855","73,077","106,868","56,493","390,507","43,361","1,132,292","261,873","20,127","577,329","100,726","248,076","201,907","41,234","162,201","30,682","145,046","624,669","110,387","22,158","331,683","452,381","51,339","306,428","31,851"
83,     Social services and income maintenance:,,,,,,,,,,,,,,,,,,,,,,,,,,,,,,,,,,,,,,,,,,,,,,,,,,,,
84,               Public welfare,"676,894,517","7,001,467","2,576,874","14,397,424","7,437,663","112,014,809","8,475,218","3,817,103","2,519,112","3,763,527","28,079,027","12,219,563","3,067,100","2,512,660","22,612,482","13,952,916","5,660,892","4,341,841","11,354,782","11,309,018","3,199,796","13,201,818","22,324,498","17,087,649","15,021,559","6,349,848","9,414,150","2,222,087","2,856,742","3,953,863","2,413,417","18,382,468","6,042,406","70,299,560","15,016,435","1,532,559","28,675,249","6,774,239","10,494,004","34,243,736","3,114,075","7,924,042","1,208,733","11,003,399","38,591,617","3,907,919","1,826,182","12,038,487","12,388,667","4,713,914","12,699,379","858,542"
85,                    Cash assistance payments,"22,998,175","113,625","121,869","263,835","6,772","6,414,359","106,560","180,010","36,790","862,994","218,530","112,744","27,911","59,298","124,205","366,585","235,420","57,901","174,499","31,743","54,866","1,268,025","539,172","248,691","636,453","58,797","83,705",0,18,"45,834","51,422","588,071","57,253","2,561,079","581,253","68,040","480,732","155,010","269,426","1,768,528","24,028","146,731","90,768","562,621","1,719,016","592,558","23,018","309,544","169,359","54,342","274,141",24
86,                    Vendor payments,"561,093,295","6,186,962","2,103,003","11,231,060","6,865,610","89,196,176","6,896,007","2,546,832","2,125,389","2,048,546","25,011,363","10,827,745","2,540,770","2,125,435","19,208,837","12,447,446","4,873,482","3,652,042","10,343,869","10,445,245","2,361,875","10,766,705","20,215,638","13,621,240","12,068,219","5,940,594","8,731,568","2,054,064","1,992,044","3,237,164","1,851,711","15,582,556","5,414,470","57,650,983","12,906,805","1,203,380","24,686,186","5,640,897","6,438,714","26,454,516","2,813,588","6,996,751","1,020,239","9,351,926","32,738,329","2,912,146","1,133,484","9,642,745","10,749,218","4,069,099","9,515,782","654,840"
87,                    Other public welfare,"92,803,047","700,880","352,002","2,902,529","565,281","16,404,274","1,472,651","1,090,261","356,933","851,987","2,849,134","1,279,074","498,419","327,927","3,279,440","1,138,885","551,990","631,898","836,414","832,030","783,055","1,167,088","1,569,688","3,217,718","2,316,887","350,457","598,877","168,023","864,680","670,865","510,284","2,211,841","570,683","10,087,498","1,528,377","261,139","3,508,331","978,332","3,785,864","6,020,692","276,459","780,560","97,726","1,088,852","4,134,272","403,215","669,680","2,086,198","1,470,090","590,473","2,909,456","203,678"
88,               Hospitals,"192,687,466","6,315,082","473,310","789,376","1,278,120","29,637,723","2,785,320","1,437,043","83,059","254,501","9,759,915","5,196,175","617,798","692,796","3,223,944","5,284,029","3,870,502","3,308,634","2,484,078","2,916,062","188,171","591,765","1,579,388","5,193,770","2,281,105","3,978,326","4,150,060","149,774","1,025,294","1,090,349","61,520","2,573,220","1,343,312","17,077,075","10,287,154","54,216","5,055,744","1,303,498","2,697,785","4,426,248","61,583","6,480,767","145,456","3,737,779","18,498,747","2,261,865","21,907","5,280,484","6,680,645","364,668","2,432,634","1,205,690"
89,                    Capital outlay,"9,156,685","361,743","15,936","30,046","40,667","1,432,727","191,626","54,057",633,"22,813","640,011","245,818","2,142","60,284","63,331","431,480","411,227","262,148","182,832","116,272","1,015","8,790","53,023","22,781","68,270","149,563","226,821","3,310","53,978","70,570","1,766","3,511","31,783","783,185","482,620",561,"305,881","32,399","222,346","160,037","5,196","282,086","30,479","210,865","608,824","65,839",56,"238,560","243,689","4,694","148,567","69,827"
90,               Health,"103,699,518","901,253","244,089","847,867","273,155","23,975,652","858,823","1,076,608","513,881","659,432","5,635,463","2,326,808","614,064","299,566","2,140,237","942,010","443,338","676,495","921,550","711,992","279,752","1,810,961","1,700,709","4,303,821","1,320,214","429,926","2,452,890","446,203","353,972","438,359","145,583","2,102,046","518,831","7,202,123","3,946,436","223,777","3,637,636","1,135,168","1,777,901","5,576,470","253,898","1,396,410","130,494","1,774,555","6,228,084","746,428","377,238","2,377,260","4,060,957","288,254","1,595,006","605,873"
91,               Employment security administration,"3,999,297","94,177","22,119","113,428","87,782","309,629","59,950","21,090","17,165","46,679","314,357","35,082","6,310","10,987","50,778","83,162","52,854","32,561","115,836","127,964","67,336","51,021","197,482","176,102","45,446","36,864","39,752","46,554","41,894","61,682","24,439","193,051","10,539","202,909","114,224","15,689","127,959","81,420","56,442","102,487","38,959","63,800","10,132","58,354","93,000","11,632","1,905","76,239","203,045","18,916","89,037","39,076"
92,               Veterans' services,"702,165","6,108",0,"10,843","1,951","18,608","2,613","28,383",0,0,"10,357","8,603",7,0,"10,045","9,023","1,936","11,877","50,374","6,581",258,"2,323","5,931",0,"14,575","22,287",878,"2,400","1,189",114,"1,097","13,905","4,191","6,505","7,046",812,"30,902","15,544","7,979","6,075",0,0,"1,357","5,658","276,561","4,124","3,771","25,865","29,674","11,742","22,054",39
93,     Transportation:,,,,,,,,,,,,,,,,,,,,,,,,,,,,,,,,,,,,,,,,,,,,,,,,,,,,
94,               Highways,"181,111,713","2,486,023","1,412,550","2,560,715","2,038,261","16,441,059","3,260,734","2,239,940","840,026","454,310","11,271,111","4,327,694","611,391","879,086","9,237,765","2,558,021","2,794,560","1,927,850","2,197,511","2,248,073","987,004","3,371,900","3,814,668","4,266,954","4,812,313","1,734,517","2,375,401","838,291","1,550,146","2,032,588","755,418","4,061,121","913,354","12,220,045","4,878,048","1,746,929","6,034,370","2,585,263","2,119,540","9,786,248","474,524","2,277,922","960,677","2,248,898","15,192,816","1,832,007","613,377","4,955,425","4,392,690","1,230,779","5,598,298","663,502"
95,                    Capital outlay,"101,740,409","1,283,026","706,097","1,383,261","1,291,573","5,481,780","1,629,511","1,205,628","579,053","309,697","7,778,274","2,654,789","186,669","455,396","6,095,718","1,458,689","1,533,829","1,095,566","1,351,894","1,337,124","368,338","1,729,541","1,798,627","1,514,341","2,864,299","830,082","1,077,999","355,324","813,865","1,230,928","310,149","2,503,186","441,690","7,339,933","3,331,650","1,054,328","3,681,306","1,684,573","850,525","6,096,190","252,708","1,443,233","524,747","1,187,896","9,837,366","979,129","241,732","2,659,196","2,283,573","624,510","3,677,481","334,390"
96,               Air transportation (airports),"26,028,822","137,606","376,461","529,059","111,893","4,653,418","829,616","27,451","7,487",0,"2,729,192","791,413","528,423","64,961","1,440,537","248,741","83,840","101,394","190,661","377,655","52,004","323,579","621,166","591,767","492,062","77,435","325,158","78,498","102,268","324,449","41,091","44,492","86,889","2,367,338","531,246","107,747","376,458","165,959","364,946","656,743","75,113","203,207","62,125","467,573","2,057,032","432,159","40,221","683,181","587,339","41,318","316,597","101,854"
97,               Parking facilities,"2,110,128","14,738","13,074","9,240","2,912","517,554","48,343","49,054","10,219","30,860","211,931","8,364","3,924",59,"75,292","10,994","23,393","5,186","32,105","2,900","5,282","60,309","16,790","41,508","64,299","1,199","22,000","6,213","8,163","9,353","13,398","75,352","9,652","90,233","34,115","2,864","78,273","9,274","17,940","236,976","2,614","30,361","4,504","12,880","34,933",107,"7,659","52,829","21,670","7,239","60,986","1,011"
98,               Sea and inland port facilities,"6,357,079","91,218","148,143",0,"3,222","1,479,848",0,911,"57,957",0,"525,391","338,836","79,955","2,244","14,141","16,438",12,0,"32,554","302,752","5,552","215,654","105,060","4,674","58,952","53,481","2,817","1,311",0,0,110,"43,939",0,"322,773","68,923",0,"33,574","9,539","153,028","14,665","2,720","372,039",0,"1,252","598,879",0,0,"596,446","573,334",916,"23,819",0
99,     Public safety:,,,,,,,,,,,,,,,,,,,,,,,,,,,,,,,,,,,,,,,,,,,,,,,,,,,,
100,               Police protection,"113,644,846","1,283,440","365,305","2,454,185","677,646","18,875,370","1,890,303","1,179,303","378,957","639,302","8,509,422","2,739,699","482,768","454,311","5,255,868","1,342,060","811,432","864,062","762,165","1,639,119","307,047","2,651,888","2,234,987","2,582,037","1,996,899","771,000","1,789,420","333,103","498,954","1,271,655","420,331","3,527,353","706,090","10,381,172","3,162,344","250,219","3,837,087","1,007,597","1,375,220","3,876,566","452,341","1,305,492","212,291","1,957,167","8,149,098","769,997","193,719","2,494,461","2,056,132","394,610","1,850,700","223,152"
101,               Fire protection,"50,403,849","515,228","241,144","1,209,179","306,810","8,500,946","1,021,299","626,552","38,585","281,620","4,030,212","1,168,448","256,778","227,683","2,653,956","846,833","273,313","352,336","390,354","764,186","167,491","1,179,440","1,297,007","982,962","489,375","296,086","881,909","136,519","259,926","551,206","257,394","1,010,452","338,265","3,943,729","1,046,392","121,014","2,031,342","619,553","778,185","843,421","331,269","559,885","68,676","771,021","3,396,724","330,117","69,362","1,372,019","1,627,628","123,667","720,382","95,969"
102,               Correction,"79,360,627","734,305","323,921","1,704,164","511,683","14,624,717","1,325,506","622,077","327,693","197,189","4,555,977","2,118,288","228,515","419,201","2,113,677","1,056,387","442,174","542,320","883,652","1,069,961","247,048","1,935,543","1,452,153","2,480,828","1,034,326","516,966","945,969","258,364","514,541","772,971","225,981","2,145,617","718,272","6,523,051","1,953,641","222,362","2,074,916","776,718","1,305,108","3,735,909","210,109","743,215","185,258","1,118,480","6,326,404","569,377","141,148","2,647,991","1,730,875","355,002","1,492,977","198,100"
103,                    Capital outlay,"2,262,391","15,172","2,698","32,575","18,890","591,773","22,067","2,675","2,547","3,176","67,797","65,429","3,420","17,011","25,402","17,399","1,254","20,524","19,914","42,569","8,129","54,134","51,020","8,496","11,016","12,446","10,659","5,859","4,867","28,519","28,615","49,020","5,034","194,293","45,025","69,247","123,560","37,767","42,964","49,320","4,871","10,852","1,786","14,894","142,348","48,535","1,130","75,475","87,227","10,123","51,930",938
104,               Protective inspection and regulation,"14,394,997","153,180","38,170","201,923","95,081","4,469,564","122,753","102,647","68,995","107,253","803,703","159,155","59,887","62,948","258,916","128,952","108,548","95,385","109,634","117,382","48,848","281,636","303,098","453,756","204,401","97,737","105,909","39,324","61,451","188,671","58,589","465,254","59,257","740,294","316,755","44,374","294,771","139,186","361,720","392,048","29,772","136,426","35,239","139,252","862,508","86,609","35,664","299,509","513,855","81,745","216,260","37,003"
105,     Environment and housing:,,,,,,,,,,,,,,,,,,,,,,,,,,,,,,,,,,,,,,,,,,,,,,,,,,,,
106,               Natural resources,"32,000,566","260,274","369,235","488,095","337,645","7,114,661","575,816","213,187","88,171","83,164","4,024,615","565,281","157,341","324,796","634,555","435,962","600,645","283,029","392,748","1,074,775","146,631","645,708","248,103","421,481","870,416","306,106","430,586","332,181","328,356","304,759","65,275","494,498","348,525","663,148","602,241","406,537","421,993","181,505","567,399","796,796","79,555","272,563","209,138","418,617","1,478,761","277,528","107,772","322,487","1,188,792","236,165","613,695","189,254"
107,                    Capital outlay,"5,450,457","20,657","14,812","82,372","38,140","1,024,624","93,966","42,796","6,057","6,869","895,409","94,259","44,333","32,035","66,718","51,657","160,612","18,884","24,641","539,388","7,550","117,359","46,891","34,820","135,224","28,379","46,652","15,166","51,440","104,433","6,563","80,589","35,155","138,826","70,631","91,538","39,574","27,304","48,824","73,927","12,633","53,335","16,534","51,807","406,190","35,688","5,691","39,778","261,824","29,352","61,281","17,270"
108,               Parks and recreation,"45,453,800","546,254","128,692","735,955","275,788","6,668,138","1,488,383","264,089","84,525","262,117","3,301,245","1,392,159","361,835","192,182","3,113,758","488,753","359,029","379,536","364,434","763,344","101,798","975,332","504,362","1,398,060","1,343,766","237,306","736,129","109,646","249,144","590,819","117,518","767,164","330,327","3,093,253","1,102,651","404,745","1,551,963","533,214","740,157","1,080,778","83,851","584,314","176,989","641,932","2,721,683","535,875","61,431","1,118,219","1,329,128","213,136","697,570","151,324"
109,                    Capital outlay,"10,623,523","114,492","21,604","74,205","65,339","1,070,370","302,344","30,315","23,039","76,937","733,061","612,234","141,648","41,197","739,963","61,638","50,995","80,614","51,870","164,404","14,233","64,636","115,028","668,463","391,600","48,327","167,982","26,149","80,058","78,745","10,414","181,179","61,013","1,034,884","293,672","141,590","384,477","209,887","134,201","217,299","4,533","80,620","49,742","120,873","722,904","70,802","6,367","195,714","352,919","44,137","165,043","29,763"
110,               Housing and community development,"52,965,862","562,480","294,620","517,661","203,223","8,701,314","1,067,872","788,632","173,508","988,118","2,340,346","1,153,367","288,782","157,760","2,104,980","861,489","255,920","268,763","462,860","657,288","305,060","1,526,931","2,734,226","1,065,412","1,097,445","301,506","711,565","89,043","232,580","288,411","214,776","1,434,129","135,794","6,599,820","1,592,176","83,804","2,017,788","516,779","710,337","2,114,285","266,505","464,551","104,557","832,895","1,998,064","363,667","158,871","1,187,323","1,458,966","140,177","336,195","33,241"
111,               Sewerage,"57,115,470","422,124","119,619","776,933","316,646","9,050,713","1,026,437","641,579","202,900","582,484","3,758,313","1,226,363","399,202","233,365","1,644,456","1,184,081","581,767","433,084","591,916","654,042","213,585","1,386,941","1,368,806","2,480,579","1,045,769","296,103","1,186,720","141,938","254,685","464,735","162,212","1,578,283","235,056","3,633,033","979,018","98,742","2,564,341","360,175","922,114","2,622,914","177,748","689,684","110,366","818,690","4,076,358","345,888","74,352","1,590,477","1,950,413","304,363","1,052,579","82,779"
112,                    Capital outlay,"19,746,982","143,101","35,938","274,172","118,571","3,413,013","357,039","308,439","67,440","383,250","1,003,337","220,154","225,238","86,481","685,452","454,500","172,938","150,202","301,289","267,894","60,469","324,000","473,374","323,415","204,225","115,571","538,455","68,784","112,873","165,810","49,143","319,761","98,901","2,008,542","295,735","47,196","896,302","119,215","352,927","560,519","37,700","256,884","47,485","294,807","1,648,715","51,176","12,373","591,477","682,068","102,549","189,387","28,696"
113,               Solid waste management,"25,002,925","306,807","115,968","459,351","228,115","3,338,971","143,453","273,543","89,335","134,136","2,606,759","724,361","266,252","166,850","624,184","245,762","271,343","163,573","230,538","363,039","118,590","655,210","399,958","510,355","389,553","191,842","153,152","84,586","100,105","31,512","126,596","919,261","216,536","3,008,670","751,809","73,673","484,216","242,203","160,656","898,476","102,632","388,791","52,402","439,443","1,508,538","193,742","35,502","642,263","769,878","88,691","405,923","105,821"
114,                    Capital outlay,"1,936,428","26,048","18,902","56,295","22,777","148,921","11,823","19,704","8,853","8,422","88,480","24,802","25,332","10,853","184,053","15,404","25,437","8,730","26,073","11,586","4,773","6,728","20,099","16,998","25,925","9,776","10,776","9,317","11,713","2,555","3,953","37,978","24,859","437,933","65,209","9,525","34,559","19,383","10,372","63,927","9,614","28,997","5,726","27,845","128,455","3,037","1,899","45,026","69,939","6,523","10,580","29,934"
115,     Governmental administration:,,,,,,,,,,,,,,,,,,,,,,,,,,,,,,,,,,,,,,,,,,,,,,,,,,,,
116,               Financial administration,"48,019,981","613,600","297,653","480,423","661,233","5,529,640","1,121,817","585,541","256,907","276,338","3,016,814","1,155,992","267,199","305,550","2,080,825","532,671","410,364","347,780","485,936","766,389","329,564","974,298","1,152,528","1,195,404","1,368,161","484,140","671,268","231,529","313,337","369,158","555,907","1,393,348","338,414","3,968,365","1,353,313","153,294","2,061,625","502,027","941,304","1,848,256","192,892","603,230","181,819","891,023","2,665,298","550,567","110,619","1,554,245","817,007","345,439","508,111","201,819"
117,               Judicial and legal,"47,682,531","368,410","240,249","1,048,030","226,525","9,091,097","862,242","678,105","200,943","148,175","2,491,944","1,383,080","325,575","212,311","1,511,309","621,152","365,514","326,213","557,645","685,966","112,461","964,733","1,053,969","1,214,850","771,628","275,022","565,429","199,105","188,036","496,121","161,057","1,502,150","320,775","4,153,096","844,108","108,101","1,827,287","358,901","792,654","1,995,900","159,664","391,076","95,771","842,607","3,178,313","378,224","88,449","1,025,986","1,220,185","267,525","662,671","122,192"
118,               General public buildings,"14,757,340","107,161","89,635","233,005","37,936","787,320","396,324","128,053","96,440","217,212","290,160","402,522","166,273","96,293","645,393","147,345","133,011","163,235","114,946","144,286","90,749","355,393","1,061,170","203,737","308,127","87,269","192,306","57,170","60,169","137,857","87,243","403,252","126,302","1,430,901","505,466","59,318","421,513","47,265","231,369","994,335","108,314","230,161","56,096","369,895","903,088","352,599","24,415","775,999","125,113","103,381","317,874","132,944"
119,               Other governmental administration,"35,503,426","476,595","302,353","605,743","233,622","6,790,494","953,168","695,227","140,285","134,341","1,273,677","842,617","150,195","140,605","1,960,486","816,726","222,238","338,995","531,130","498,746","155,503","615,745","444,781","734,407","632,576","262,352","575,063","182,499","214,135","328,197","185,148","530,731","274,706","1,333,746","859,092","98,951","1,380,774","392,267","711,603","1,617,461","225,799","582,866","85,290","541,028","2,121,896","462,051","93,758","699,962","569,092","256,305","1,015,415","212,984"
120,     Interest on general debt,"106,284,399","992,775","305,478","1,517,962","500,817","17,398,471","2,024,586","1,932,867","288,216","589,071","3,833,909","1,494,484","348,897","234,983","6,915,590","1,707,706","599,520","847,457","1,317,067","1,407,891","268,857","1,867,526","3,071,116","2,856,825","1,650,926","550,518","1,547,576","178,224","321,503","825,879","429,664","3,312,318","565,216","13,972,475","1,895,996","240,236","2,942,376","534,780","1,174,361","4,188,448","542,573","883,722","175,685","1,543,056","8,999,549","494,438","131,042","2,217,339","2,876,216","295,540","1,418,641","54,031"
121,"     General expenditure, n.e.c.:",,,,,,,,,,,,,,,,,,,,,,,,,,,,,,,,,,,,,,,,,,,,,,,,,,,,
122,               Miscellaneous commercial activities,"4,444,896","17,592","260,167","10,187","41,377","1,666,288","103,057","4,435",4,0,"761,250","55,661",373,"22,213","24,297","20,762","62,679","27,827","57,850","67,841","10,124","37,339","20,283","97,123","68,529","7,170","24,874","86,881","11,423","16,958","5,834",821,"5,458","43,661","15,292","241,716","65,904","42,747","32,642","14,318","6,547","6,376","50,309","70,918","27,261","44,510","37,168","10,944","96,646","1,584","13,516","26,160"
123,               Other and unallocable,"130,376,751","1,499,444","669,400","1,383,480","381,374","11,457,922","2,174,625","2,865,569","211,975","682,245","6,639,085","2,019,784","1,303,457","327,184","7,851,899","2,138,269","1,396,548","1,065,152","897,004","1,755,608","645,359","3,590,034","6,476,656","3,570,352","1,613,605","636,890","2,221,262","278,987","899,057","704,905","372,729","11,389,809","902,122","22,207,831","1,200,405","631,923","3,202,567","674,375","2,007,103","3,708,586","422,272","939,443","295,919","1,636,185","5,332,663","1,013,598","153,633","2,215,513","2,266,590","717,871","1,094,908","633,575"
124,     Utility expenditure,"232,596,498","3,174,213","799,060","5,484,117","987,830","43,593,282","4,517,154","1,423,979","540,908","4,702,459","10,988,094","6,129,525","1,300,043","263,963","8,575,489","2,565,180","1,292,440","1,600,409","2,048,921","1,359,685","177,818","3,537,660","6,268,844","3,855,897","3,303,911","855,991","2,768,407","327,102","4,371,090","1,521,395","161,725","3,955,743","856,682","30,763,549","4,882,406","459,133","3,896,263","2,491,843","2,492,310","4,911,711","359,408","3,505,000","353,579","9,217,315","17,252,921","2,204,992","287,845","3,384,667","9,737,236","394,637","2,365,045","327,622"
125,               Capital outlay,"53,478,639","442,592","281,148","1,250,029","165,626","10,373,528","1,478,571","288,735","46,724","2,734,393","1,828,564","972,783","722,202","70,388","1,943,465","251,815","229,472","327,286","313,172","178,667","31,779","1,016,078","1,669,273","629,939","624,924","137,108","343,042","191,251","845,267","369,803","24,236","853,194","220,950","7,538,440","970,725","183,759","776,255","858,826","641,260","1,086,622","94,094","453,728","51,678","1,047,536","4,150,974","327,914","37,677","1,158,471","2,896,652","113,042","108,994","125,988"
126,          Water supply,"71,515,032","1,036,028","143,333","1,437,282","495,874","17,655,707","1,903,343","381,061","101,029","276,773","4,369,024","2,216,835","373,960","155,624","2,854,667","699,776","610,782","665,022","882,763","545,082","123,231","1,507,667","1,392,339","1,696,844","878,752","327,362","732,348","286,415","369,129","1,122,231","115,371","806,532","413,641","3,165,954","1,484,086","420,639","1,878,638","932,336","840,272","1,449,596","230,738","788,252","141,002","1,283,164","7,596,122","673,282","85,813","1,317,071","1,436,344","317,449","665,661","232,786"
127,          Electric power,"76,417,870","1,715,216","531,661","3,245,797","459,639","10,661,012","1,018,764","359,351","293,783",0,"4,378,631","2,348,863",0,"81,322","1,071,368","1,359,879","505,674","864,388","680,534","510,933","14,197","70,443","1,344,535","1,449,317","1,698,608","412,818","1,399,631","1,366","3,672,243","101,921","12,319","138,952","189,940","5,937,539","2,348,697","22,480","1,027,388","1,428,447","688,989","156,614","7,441","2,393,210","184,664","6,684,008","6,561,328","1,049,113","169,634","418,108","5,328,416","18,539","1,311,020","89,130"
128,          Gas supply,"6,114,794","350,882","73,465","39,928","2,453","273,113","155,251","17,787",0,0,"213,147","715,367",0,15,"76,876","293,066","55,589","29,357","288,281","73,683",50,"5,633","43,204",0,"88,374","93,328","128,092",0,"285,025",0,0,0,"81,257","7,206","127,552",207,"51,744","30,791",679,"525,821",0,"226,002","9,547","1,001,470","543,971","9,524",0,"188,830","6,557",214,"1,456",0
129,          Transit,"78,548,802","72,087","50,601","761,110","29,864","15,003,450","1,439,796","665,780","146,096","4,425,686","2,027,292","848,460","926,083","27,002","4,572,578","212,459","120,395","41,642","197,343","229,987","40,340","1,953,917","3,488,766","709,736","638,177","22,483","508,336","39,321","44,693","297,243","34,035","3,010,259","171,844","21,652,850","922,071","15,807","938,493","100,269","962,370","2,779,680","121,229","97,536","18,366","248,673","2,551,500","473,073","32,398","1,460,658","2,965,919","58,435","386,908","5,706"
130,     Liquor store expenditure,"8,213,309","329,044","7,543",0,0,0,0,0,0,0,0,0,0,"127,237",0,0,"212,932",0,0,0,"120,358","269,931",0,"872,771","287,841","287,479",0,"83,148",0,0,"546,271",0,0,0,"708,307",0,"903,683",0,"390,399","1,920,735",0,0,"14,550",0,0,"274,970","60,748","623,049",0,"75,689",0,"96,624"
131,     Insurance trust expenditure,"351,922,399","3,713,854","1,405,722","4,782,671","2,030,776","64,645,906","6,025,772","5,649,865","786,621","569,290","11,955,298","7,524,133","1,488,946","1,154,348","21,183,723","2,984,613","2,633,894","2,027,032","4,641,224","4,972,285","1,028,113","5,872,005","8,966,668","9,849,840","5,707,508","2,745,997","5,510,471","1,079,973","1,119,280","2,606,225","811,846","13,579,510","2,391,664","35,807,096","6,219,723","699,807","17,491,010","2,777,038","5,715,863","15,227,138","1,580,895","3,702,193","602,565","5,876,613","20,525,764","1,706,002","420,618","6,108,510","7,490,721","1,630,306","6,057,555","837,909"
132,          Unemployment compensation,"31,069,183","176,349","128,990","260,763","139,021","5,455,277","493,922","722,677","72,679","143,942","392,845","340,304","166,061","107,447","1,922,282","298,253","429,594","190,120","307,160","206,599","94,725","533,426","1,515,911","822,345","820,753","87,747","295,544","115,163","72,686","310,927","55,346","2,010,615","178,416","2,281,256","212,751","144,300","944,853","309,565","487,250","2,062,889","153,857","180,898","30,041","203,911","2,850,547","171,743","69,924","363,469","996,673","183,054","462,622","91,691"
133,          Employee retirement,"305,720,601","3,537,505","1,273,450","4,521,908","1,876,363","52,327,123","5,125,752","4,900,972","708,708","425,348","11,510,604","7,150,822","1,322,885","900,498","19,217,453","2,680,063","2,204,300","1,836,912","4,128,489","4,678,208","933,388","5,182,193","7,411,412","9,011,806","4,839,980","2,658,250","5,115,794","831,821","1,045,970","2,295,298","756,500","10,833,765","2,197,141","32,055,623","6,006,972","408,651","15,711,598","2,467,473","4,958,426","12,946,975","1,235,859","3,445,191","571,434","5,672,702","17,317,751","1,520,301","350,694","5,739,947","4,388,057","1,323,083","5,589,470","569,713"
134,          Workers' compensation,"8,361,700",0,"3,282",0,"15,392","944,295","395,617","26,216","5,234",0,"51,849",0,0,"146,403","43,956","6,297",0,0,"205,575","58,196",0,"93,785","39,345","15,689","46,775",0,"99,133","132,989",624,0,0,"208,833","16,107","1,470,217",0,"146,856","834,559",0,"270,187","217,274","1,175","76,104","1,090",0,"357,466","13,958",0,"5,094","2,105,991","124,169","5,463","176,505"
135,          Other insurance trust,"6,770,915",0,0,0,0,"5,919,211","10,481",0,0,0,0,"33,007",0,0,32,0,0,0,0,"29,282",0,"62,601",0,0,0,0,0,0,0,0,0,"526,297",0,0,0,0,0,0,0,0,"190,004",0,0,0,0,0,0,0,0,0,0,0
136,            Debt outstanding,"3,065,131,014","30,118,312","9,463,765","47,064,451","18,685,989","462,578,048","57,308,020","50,017,892","7,558,374","14,901,142","132,468,883","57,738,463","15,999,412","6,036,524","154,640,032","48,169,675","19,049,913","27,384,958","42,872,142","36,263,436","7,888,393","52,755,578","96,954,598","74,471,780","52,997,757","14,569,725","46,448,819","5,447,934","15,888,473","27,345,788","10,412,435","97,341,518","15,806,307","355,254,706","47,062,665","8,281,088","87,960,308","18,609,665","36,963,932","124,567,593","11,494,665","38,319,966","6,177,305","42,725,484","292,953,041","21,989,201","4,754,865","65,865,904","84,619,331","12,257,690","46,650,540","1,974,529"
137,Short-term,"34,886,529","305,566","264,495","298,669","12,882","959,772","92,601","428,264",24,"148,008","91,206","370,740","80,000","3,170","1,602,350","498,737","67,833","355,510","91,600","68,031","4,397","931,527","1,741,899","1,062,036","69,278","42,016","112,699","6,808","417,319","889,171","5,693","2,879,985","45,998","8,157,143","138,523","20,936","498,436","56,535","27,982","400,398","85,329","450,366","7,746","869,880","8,271,390","294,781","249,512","314,345","482,831","24,579","583,242","4,291"
138,Long-term,"3,030,244,485","29,812,746","9,199,270","46,765,782","18,673,107","461,618,276","57,215,419","49,589,628","7,558,350","14,753,134","132,377,677","57,367,723","15,919,412","6,033,354","153,037,682","47,670,938","18,982,080","27,029,448","42,780,542","36,195,405","7,883,996","51,824,051","95,212,699","73,409,744","52,928,479","14,527,709","46,336,120","5,441,126","15,471,154","26,456,617","10,406,742","94,461,533","15,760,309","347,097,563","46,924,142","8,260,152","87,461,872","18,553,130","36,935,950","124,167,195","11,409,336","37,869,600","6,169,559","41,855,604","284,681,651","21,694,420","4,505,353","65,551,559","84,136,500","12,233,111","46,067,298","1,970,238"
139,     Public debt for private purposes,"553,578,695","903,806","3,425,552","9,743,436","4,372,727","50,789,468","11,875,391","12,663,735","1,743,422","1,147,035","14,124,573","7,857,109","359,207","2,446,975","26,725,935","13,235,389","1,922,394","6,422,921","13,295,670","12,720,805","1,986,604","12,393,271","20,370,681","13,063,015","11,273,796","1,661,471","16,691,329","2,473,905","1,334,913","2,861,848","3,938,183","14,585,048","4,400,949","69,336,494","10,171,098","1,903,060","30,412,809","1,590,428","6,960,468","34,976,948","4,772,407","5,618,149","2,663,696","13,311,480","29,552,211","4,223,267","1,450,732","8,063,283","7,222,812","4,903,282","12,946,322","689,186"
140,Long-term debt issued,"409,699,854","3,938,302","633,709","6,544,542","2,430,790","69,274,743","8,679,323","7,463,943","585,977","2,739,229","15,920,142","7,092,628","3,720,545","738,988","18,263,418","5,162,509","2,319,195","3,045,875","3,563,817","2,389,501","1,070,019","8,830,534","10,680,320","9,511,861","6,899,322","2,443,419","5,822,814","731,180","2,780,223","4,131,576","1,722,629","9,226,043","2,007,622","46,248,150","7,517,570","4,144,864","8,461,172","3,077,818","7,084,114","17,100,245","1,509,337","5,008,277","787,103","3,932,543","40,131,609","4,218,672","988,657","7,685,003","11,344,469","980,325","8,800,359","314,829"
141,Long-term debt retired,"396,746,351","3,758,938","835,485","7,310,200","2,133,682","54,632,774","7,323,656","5,685,101","637,475","2,264,554","20,121,600","7,967,483","3,158,535","858,207","21,749,455","7,411,624","3,218,684","4,208,485","4,059,837","3,099,188","995,776","7,656,954","8,903,779","12,646,998","6,272,116","2,268,575","6,279,586","898,267","2,373,288","5,222,661","1,933,905","9,121,553","2,034,588","42,877,583","8,125,470","3,206,530","8,951,055","3,148,994","4,359,388","17,773,581","1,630,297","4,923,214","595,207","4,406,684","36,123,577","2,610,681","975,305","8,434,787","13,094,079","758,441","7,277,599","430,870"
142,            Cash and security holdings,"6,931,418,540","67,187,920","95,742,676","96,159,371","47,523,871","1,239,277,145","109,318,873","66,574,370","18,536,891","15,926,541","355,542,592","152,125,982","30,719,633","29,537,755","266,670,929","82,659,217","58,159,253","41,272,426","60,729,679","90,093,604","22,544,705","106,305,005","135,915,796","156,194,667","117,452,833","42,261,410","121,784,086","23,404,918","34,041,969","60,022,472","18,739,641","138,501,844","66,074,033","701,085,640","149,249,392","34,216,480","307,103,979","58,170,267","125,747,776","207,944,471","21,018,885","65,778,411","20,622,291","149,478,111","546,349,592","49,983,167","10,187,695","147,179,467","166,346,215","27,850,151","140,334,710","35,769,733"
143,Insurance trust funds,"4,296,033,977","40,805,740","15,584,741","51,038,238","29,595,670","866,081,879","56,334,293","43,181,418","10,595,460","10,259,104","191,761,295","103,727,452","16,908,859","17,515,201","169,728,851","34,057,984","36,268,979","21,683,979","33,709,780","51,158,878","14,410,358","74,037,095","82,135,328","95,718,446","68,805,528","28,045,124","76,631,634","13,049,355","18,290,044","40,316,607","9,052,749","80,103,067","28,544,028","514,245,776","99,903,915","7,693,844","204,994,659","33,446,020","89,011,722","110,793,687","10,502,101","32,645,232","12,383,213","106,532,845","268,329,065","31,399,058","5,131,632","92,594,086","114,975,700","17,038,104","105,161,361","10,114,793"
144,     Unemployment compensation,"105,353,297","1,148,970","876,762","1,134,404","1,230,702","-361,677","1,523,244","964,660","249,998","442,730","7,234,486","3,476,820","1,026,236","1,044,370","3,070,810","641,842","2,016,412","1,247,804","799,212","1,866,818","812,026","2,361,500","2,193,968","7,117,922","2,919,868","1,300,634","1,576,594","592,202","858,458","1,780,838","597,988","4,174,892","845,366","4,039,800","5,721,554","169,374","1,185,836","2,051,440","7,263,746","4,198,086","624,982","1,356,296","226,830","2,217,934","2,569,792","2,071,184","707,078","2,335,870","8,448,328","135,764","2,681,028","581,516"
145,     Employee retirement,"4,079,798,349","39,656,770","14,689,158","49,903,834","28,249,604","836,799,069","52,176,982","42,173,272","10,341,782","9,816,374","184,277,254","100,234,493","15,882,623","15,735,694","166,578,287","33,413,900","34,252,567","20,426,933","31,699,529","49,045,489","13,587,352","71,380,441","79,878,780","88,564,658","65,821,426","26,744,490","75,047,439","10,975,658","17,428,957","38,535,769","8,454,761","75,644,266","27,649,385","495,760,223","94,182,361","5,636,073","179,818,685","31,394,580","77,053,561","105,125,929","9,770,042","30,797,866","12,154,784","104,314,911","259,382,933","29,188,728","4,424,554","90,253,853","90,108,073","15,275,174","102,465,470","7,623,553"
146,     Workers' compensation,"100,682,936",0,"18,821",0,"115,364","20,240,478","2,536,366","43,486","3,680",0,"249,555",0,0,"735,137","66,793","2,242",0,"9,242","1,211,039","34,982","10,980","99,237","11,619","35,866","64,234",0,"7,601","1,481,495","2,629",0,0,"180,868","49,277","14,445,753",0,"1,888,397","23,990,138",0,"4,694,415","1,469,672",0,"491,070","1,599",0,"6,376,340","139,146",0,"4,363","16,419,299","1,627,166","14,863","1,909,724"
147,     Miscellaneous,"10,199,395",0,0,0,0,"9,404,009","97,701",0,0,0,0,"16,139",0,0,"12,961",0,0,0,0,"211,589",0,"195,917","50,961",0,0,0,0,0,0,0,0,"103,041",0,0,0,0,0,0,0,0,"107,077",0,0,0,0,0,0,0,0,0,0,0
148,Other than insurance trust funds,"2,635,384,563","26,382,180","80,157,935","45,121,133","17,928,201","373,195,266","52,984,580","23,392,952","7,941,431","5,667,437","163,781,297","48,398,530","13,810,774","12,022,554","96,942,078","48,601,233","21,890,274","19,588,447","27,019,899","38,934,726","8,134,347","32,267,910","53,780,468","60,476,221","48,647,305","14,216,286","45,152,452","10,355,563","15,751,925","19,705,865","9,686,892","58,398,777","37,530,005","186,839,864","49,345,477","26,522,636","102,109,320","24,724,247","36,736,054","97,150,784","10,516,784","33,133,179","8,239,078","42,945,266","278,020,527","18,584,109","5,056,063","54,585,381","51,370,515","10,812,047","35,173,349","25,654,940"
149,   By purpose:,,,,,,,,,,,,,,,,,,,,,,,,,,,,,,,,,,,,,,,,,,,,,,,,,,,,
150,          Offsets to debt,"754,729,114","2,906,538","3,889,066","13,025,372","5,587,328","66,890,636","15,228,255","14,361,100","1,990,265","1,279,637","21,928,908","9,711,394","1,016,091","3,059,406","34,184,081","20,033,576","5,846,424","8,904,137","14,074,937","14,895,988","3,573,105","14,786,884","27,349,478","16,636,700","18,181,923","2,934,793","19,109,549","3,053,115","2,394,746","4,698,605","4,758,656","21,302,530","5,676,083","97,548,693","11,378,324","2,973,044","40,730,001","4,709,282","9,437,576","39,509,777","6,567,697","8,130,025","2,868,027","18,497,855","50,688,400","4,323,308","2,295,038","17,830,833","10,831,402","5,181,437","17,208,386","750,703"
151,          Bond funds,"218,745,506","2,178,602","530,220","3,239,199","1,734,452","37,765,454","5,540,369","1,056,630","520,572",0,"11,164,253","6,179,596","1,056,756","908,259","7,275,818","1,531,407","1,171,620","2,198,359","1,204,461","2,938,802","329,451","2,099,927","3,654,641","3,851,940","1,655,896","686,645","1,948,038","501,432","980,443","3,296,539","237,569","5,289,957","1,786,992","13,472,400","5,104,615","339,290","6,617,436","1,799,070","4,042,868","10,523,390","366,030","2,598,171","169,627","3,108,508","35,972,397","3,242,071","77,015","5,318,059","8,030,602","455,000","2,489,661","504,997"
152,          Other,"1,661,909,943","21,297,040","75,738,649","28,856,562","10,606,421","268,539,176","32,215,956","7,975,222","5,430,594","4,387,800","130,688,136","32,507,540","11,737,927","8,054,889","55,482,179","27,036,250","14,872,230","8,485,951","11,740,501","21,099,936","4,231,791","15,381,099","22,776,349","39,987,581","28,809,486","10,594,848","24,094,865","6,801,016","12,376,736","11,710,721","4,690,667","31,806,290","30,066,930","75,818,771","32,862,538","23,210,302","54,761,883","18,215,895","23,255,610","47,117,617","3,583,057","22,404,983","5,201,424","21,338,903","191,359,730","11,018,730","2,684,010","31,436,489","32,508,511","5,175,610","15,475,302","24,399,240"
153,"Revision date: June 26, 2023",,,,,,,,,,,,,,,,,,,,,,,,,,,,,,,,,,,,,,,,,,,,,,,,,,,,
